#
# There is insufficient memory for the Java Runtime Environment to continue.
# Native memory allocation (malloc) failed to allocate 2429168 bytes. Error detail: Chunk::new
# Possible reasons:
#   The system is out of physical RAM or swap space
#   This process is running with CompressedOops enabled, and the Java Heap may be blocking the growth of the native heap
# Possible solutions:
#   Reduce memory load on the system
#   Increase physical memory or swap space
#   Check if swap backing store is full
#   Decrease Java heap size (-Xmx/-Xms)
#   Decrease number of Java threads
#   Decrease Java thread stack sizes (-Xss)
#   Set larger code cache with -XX:ReservedCodeCacheSize=
#   JVM is running with Unscaled Compressed Oops mode in which the Java heap is
#     placed in the first 4GB address space. The Java Heap base address is the
#     maximum limit for the native heap growth. Please use -XX:HeapBaseMinAddress
#     to set the Java Heap base and to place the Java Heap above 4GB virtual address.
# This output file may be truncated or incomplete.
#
#  Out of Memory Error (arena.cpp:168), pid=29888, tid=28364
#
# JRE version: OpenJDK Runtime Environment (21.0.6) (build 21.0.6+-13368085-b895.109)
# Java VM: OpenJDK 64-Bit Server VM (21.0.6+-13368085-b895.109, mixed mode, tiered, compressed oops, compressed class ptrs, g1 gc, windows-amd64)
# No core dump will be written. Minidumps are not enabled by default on client versions of Windows
#

---------------  S U M M A R Y ------------

Command Line: --add-opens=java.base/java.lang=ALL-UNNAMED --add-opens=java.base/java.lang.invoke=ALL-UNNAMED --add-opens=java.base/java.util=ALL-UNNAMED --add-opens=java.prefs/java.util.prefs=ALL-UNNAMED --add-exports=jdk.compiler/com.sun.tools.javac.api=ALL-UNNAMED --add-exports=jdk.compiler/com.sun.tools.javac.util=ALL-UNNAMED --add-opens=java.base/java.util=ALL-UNNAMED --add-opens=java.prefs/java.util.prefs=ALL-UNNAMED --add-opens=java.base/java.nio.charset=ALL-UNNAMED --add-opens=java.base/java.net=ALL-UNNAMED --add-opens=java.base/java.util.concurrent.atomic=ALL-UNNAMED --add-opens=java.xml/javax.xml.namespace=ALL-UNNAMED -Xmx768m -Dfile.encoding=UTF-8 -Duser.country=KR -Duser.language=ko -Duser.variant -javaagent:C:\Users\manis\.gradle\wrapper\dists\gradle-8.13-bin\5xuhj0ry160q40clulazy9h7d\gradle-8.13\lib\agents\gradle-instrumentation-agent-8.13.jar org.gradle.launcher.daemon.bootstrap.GradleDaemon 8.13

Host: AMD Ryzen 7 7735HS with Radeon Graphics, 16 cores, 27G,  Windows 11 , 64 bit Build 26100 (10.0.26100.9444)
Time: Mon Sep 14 15:33:33 2026  Windows 11 , 64 bit Build 26100 (10.0.26100.9444) elapsed time: 55.062963 seconds (0d 0h 0m 55s)

---------------  T H R E A D  ---------------

Current thread (0x0000021adee95380):  JavaThread "C2 CompilerThread5" daemon [_thread_in_native, id=28364, stack(0x000000852d600000,0x000000852d700000) (1024K)]


Current CompileTask:
C2:55063 18837 %     4       com.android.tools.r8.internal.l32::a @ 1747 (2024 bytes)

Stack: [0x000000852d600000,0x000000852d700000]
Native frames: (J=compiled Java code, j=interpreted, Vv=VM code, C=native code)
V  [jvm.dll+0x6d0639]
V  [jvm.dll+0x85eb03]
V  [jvm.dll+0x86105e]
V  [jvm.dll+0x861743]
V  [jvm.dll+0x27e6e6]
V  [jvm.dll+0xbff6d]
V  [jvm.dll+0xc04a3]
V  [jvm.dll+0x3b61ab]
V  [jvm.dll+0x1de684]
V  [jvm.dll+0x247dd4]
V  [jvm.dll+0x247251]
V  [jvm.dll+0x1c5f04]
V  [jvm.dll+0x2569ac]
V  [jvm.dll+0x254ef6]
V  [jvm.dll+0x3f0e96]
V  [jvm.dll+0x806ed8]
V  [jvm.dll+0x6cef0d]
C  [ucrtbase.dll+0x2cd30]
C  [KERNEL32.DLL+0x2cd87]
C  [ntdll.dll+0xacaec]


---------------  P R O C E S S  ---------------

Threads class SMR info:
_java_thread_list=0x0000021ae465b710, length=60, elements={
0x0000021aba5dfb20, 0x0000021ad2db66a0, 0x0000021ad2db70f0, 0x0000021ad2da41d0,
0x0000021ad2da4c20, 0x0000021ad2db7da0, 0x0000021ad2db87f0, 0x0000021ad2db9570,
0x0000021ad2decfa0, 0x0000021ad2bbc6e0, 0x0000021ad31e1b20, 0x0000021ad91b2520,
0x0000021ad937bf20, 0x0000021ad97623a0, 0x0000021ad94f4800, 0x0000021ad935fe70,
0x0000021ad9368c60, 0x0000021ad964ceb0, 0x0000021ad935d340, 0x0000021ad9425db0,
0x0000021ad9426440, 0x0000021ad9427160, 0x0000021ad9426ad0, 0x0000021ad9428510,
0x0000021ad9425090, 0x0000021ad9425720, 0x0000021ad94277f0, 0x0000021ad9427e80,
0x0000021add065970, 0x0000021add066690, 0x0000021add0645c0, 0x0000021add068df0,
0x0000021add069480, 0x0000021add066000, 0x0000021add06aec0, 0x0000021add068760,
0x0000021ad34d72d0, 0x0000021adbaa9ed0, 0x0000021adbb3a980, 0x0000021adbb3c3c0,
0x0000021adbb3b6a0, 0x0000021adbb3de00, 0x0000021adbb3ca50, 0x0000021adbb3e490,
0x0000021adc957780, 0x0000021adc95a570, 0x0000021adc9591c0, 0x0000021adc957e10,
0x0000021adc9570f0, 0x0000021adbaaed90, 0x0000021adbab0e60, 0x0000021adee90f60,
0x0000021adee92aa0, 0x0000021adee93170, 0x0000021adee901c0, 0x0000021adee967f0,
0x0000021adee945e0, 0x0000021adee95380, 0x0000021adee94cb0, 0x0000021add8433e0
}

Java Threads: ( => current thread )
  0x0000021aba5dfb20 JavaThread "main"                              [_thread_blocked, id=6652, stack(0x0000008528800000,0x0000008528900000) (1024K)]
  0x0000021ad2db66a0 JavaThread "Reference Handler"          daemon [_thread_blocked, id=15520, stack(0x0000008529000000,0x0000008529100000) (1024K)]
  0x0000021ad2db70f0 JavaThread "Finalizer"                  daemon [_thread_blocked, id=30112, stack(0x0000008529100000,0x0000008529200000) (1024K)]
  0x0000021ad2da41d0 JavaThread "Signal Dispatcher"          daemon [_thread_blocked, id=6012, stack(0x0000008529200000,0x0000008529300000) (1024K)]
  0x0000021ad2da4c20 JavaThread "Attach Listener"            daemon [_thread_blocked, id=25452, stack(0x0000008529300000,0x0000008529400000) (1024K)]
  0x0000021ad2db7da0 JavaThread "Service Thread"             daemon [_thread_blocked, id=9336, stack(0x0000008529400000,0x0000008529500000) (1024K)]
  0x0000021ad2db87f0 JavaThread "Monitor Deflation Thread"   daemon [_thread_blocked, id=18436, stack(0x0000008529500000,0x0000008529600000) (1024K)]
  0x0000021ad2db9570 JavaThread "C2 CompilerThread0"         daemon [_thread_in_native, id=11260, stack(0x0000008529600000,0x0000008529700000) (1024K)]
  0x0000021ad2decfa0 JavaThread "C1 CompilerThread0"         daemon [_thread_blocked, id=6820, stack(0x0000008529700000,0x0000008529800000) (1024K)]
  0x0000021ad2bbc6e0 JavaThread "Common-Cleaner"             daemon [_thread_blocked, id=29460, stack(0x0000008529800000,0x0000008529900000) (1024K)]
  0x0000021ad31e1b20 JavaThread "Notification Thread"        daemon [_thread_blocked, id=18572, stack(0x0000008529b00000,0x0000008529c00000) (1024K)]
  0x0000021ad91b2520 JavaThread "Daemon health stats"               [_thread_blocked, id=9580, stack(0x0000008529e00000,0x0000008529f00000) (1024K)]
  0x0000021ad937bf20 JavaThread "Incoming local TCP Connector on port 14094"        [_thread_in_native, id=28316, stack(0x0000008529f00000,0x000000852a000000) (1024K)]
  0x0000021ad97623a0 JavaThread "Daemon periodic checks"            [_thread_blocked, id=24844, stack(0x000000852a900000,0x000000852aa00000) (1024K)]
  0x0000021ad94f4800 JavaThread "Daemon"                            [_thread_blocked, id=22816, stack(0x000000852aa00000,0x000000852ab00000) (1024K)]
  0x0000021ad935fe70 JavaThread "Handler for socket connection from /127.0.0.1:14094 to /127.0.0.1:14095"        [_thread_in_native, id=29816, stack(0x000000852ab00000,0x000000852ac00000) (1024K)]
  0x0000021ad9368c60 JavaThread "Cancel handler"                    [_thread_blocked, id=21712, stack(0x0000008529d00000,0x0000008529e00000) (1024K)]
  0x0000021ad964ceb0 JavaThread "Daemon worker"                     [_thread_blocked, id=15668, stack(0x000000852ac00000,0x000000852ad00000) (1024K)]
  0x0000021ad935d340 JavaThread "Asynchronous log dispatcher for DefaultDaemonConnection: socket connection from /127.0.0.1:14094 to /127.0.0.1:14095"        [_thread_blocked, id=2128, stack(0x000000852ad00000,0x000000852ae00000) (1024K)]
  0x0000021ad9425db0 JavaThread "Stdin handler"                     [_thread_blocked, id=15568, stack(0x000000852ae00000,0x000000852af00000) (1024K)]
  0x0000021ad9426440 JavaThread "Daemon client event forwarder"        [_thread_blocked, id=5452, stack(0x000000852af00000,0x000000852b000000) (1024K)]
  0x0000021ad9427160 JavaThread "Cache worker for journal cache (C:\Users\manis\.gradle\caches\journal-1)"        [_thread_blocked, id=5196, stack(0x000000852b500000,0x000000852b600000) (1024K)]
  0x0000021ad9426ad0 JavaThread "File lock request listener"        [_thread_in_native, id=28724, stack(0x000000852b600000,0x000000852b700000) (1024K)]
  0x0000021ad9428510 JavaThread "Cache worker for file hash cache (C:\Users\manis\.gradle\caches\8.13\fileHashes)"        [_thread_blocked, id=5568, stack(0x000000852b700000,0x000000852b800000) (1024K)]
  0x0000021ad9425090 JavaThread "Cache worker for file hash cache (C:\Users\manis\Kotlin_project\ScreenTimeManager\.gradle\8.13\fileHashes)"        [_thread_blocked, id=25512, stack(0x000000852bb00000,0x000000852bc00000) (1024K)]
  0x0000021ad9425720 JavaThread "Cache worker for Build Output Cleanup Cache (C:\Users\manis\Kotlin_project\ScreenTimeManager\.gradle\buildOutputCleanup)"        [_thread_blocked, id=14780, stack(0x000000852bc00000,0x000000852bd00000) (1024K)]
  0x0000021ad94277f0 JavaThread "File watcher server"        daemon [_thread_in_native, id=30004, stack(0x000000852bd00000,0x000000852be00000) (1024K)]
  0x0000021ad9427e80 JavaThread "File watcher consumer"      daemon [_thread_blocked, id=20848, stack(0x000000852be00000,0x000000852bf00000) (1024K)]
  0x0000021add065970 JavaThread "Cache worker for checksums cache (C:\Users\manis\Kotlin_project\ScreenTimeManager\.gradle\8.13\checksums)"        [_thread_blocked, id=4868, stack(0x000000852c100000,0x000000852c200000) (1024K)]
  0x0000021add066690 JavaThread "Cache worker for file content cache (C:\Users\manis\.gradle\caches\8.13\fileContent)"        [_thread_blocked, id=11016, stack(0x000000852c200000,0x000000852c300000) (1024K)]
  0x0000021add0645c0 JavaThread "Cache worker for cache directory md-supplier (C:\Users\manis\.gradle\caches\8.13\md-supplier)"        [_thread_blocked, id=22296, stack(0x000000852c300000,0x000000852c400000) (1024K)]
  0x0000021add068df0 JavaThread "Cache worker for cache directory md-rule (C:\Users\manis\.gradle\caches\8.13\md-rule)"        [_thread_blocked, id=29484, stack(0x000000852c000000,0x000000852c100000) (1024K)]
  0x0000021add069480 JavaThread "Unconstrained build operations"        [_thread_blocked, id=4804, stack(0x000000852b900000,0x000000852ba00000) (1024K)]
  0x0000021add066000 JavaThread "Unconstrained build operations Thread 2"        [_thread_blocked, id=18860, stack(0x000000852ba00000,0x000000852bb00000) (1024K)]
  0x0000021add06aec0 JavaThread "Unconstrained build operations Thread 3"        [_thread_blocked, id=19604, stack(0x000000852b800000,0x000000852b900000) (1024K)]
  0x0000021add068760 JavaThread "Memory manager"                    [_thread_blocked, id=3628, stack(0x000000852c400000,0x000000852c500000) (1024K)]
  0x0000021ad34d72d0 JavaThread "build event listener"              [_thread_blocked, id=16836, stack(0x000000852c500000,0x000000852c600000) (1024K)]
  0x0000021adbaa9ed0 JavaThread "build event listener"              [_thread_blocked, id=18840, stack(0x000000852c600000,0x000000852c700000) (1024K)]
  0x0000021adbb3a980 JavaThread "pool-3-thread-1"                   [_thread_blocked, id=8616, stack(0x000000852c800000,0x000000852c900000) (1024K)]
  0x0000021adbb3c3c0 JavaThread "build event listener"              [_thread_blocked, id=17888, stack(0x000000852c900000,0x000000852ca00000) (1024K)]
  0x0000021adbb3b6a0 JavaThread "included builds"                   [_thread_blocked, id=27252, stack(0x000000852ca00000,0x000000852cb00000) (1024K)]
  0x0000021adbb3de00 JavaThread "Cache worker for execution history cache (C:\Users\manis\Kotlin_project\ScreenTimeManager\.gradle\8.13\executionHistory)"        [_thread_blocked, id=1076, stack(0x000000852cb00000,0x000000852cc00000) (1024K)]
  0x0000021adbb3ca50 JavaThread "Unconstrained build operations Thread 4"        [_thread_blocked, id=29044, stack(0x000000852cc00000,0x000000852cd00000) (1024K)]
  0x0000021adbb3e490 JavaThread "Unconstrained build operations Thread 5"        [_thread_blocked, id=23588, stack(0x000000852c700000,0x000000852c800000) (1024K)]
  0x0000021adc957780 JavaThread "Unconstrained build operations Thread 6"        [_thread_blocked, id=20356, stack(0x000000852cd00000,0x000000852ce00000) (1024K)]
  0x0000021adc95a570 JavaThread "Unconstrained build operations Thread 7"        [_thread_blocked, id=28972, stack(0x000000852d100000,0x000000852d200000) (1024K)]
  0x0000021adc9591c0 JavaThread "Unconstrained build operations Thread 8"        [_thread_blocked, id=24636, stack(0x000000852d200000,0x000000852d300000) (1024K)]
  0x0000021adc957e10 JavaThread "Unconstrained build operations Thread 9"        [_thread_blocked, id=20384, stack(0x000000852d300000,0x000000852d400000) (1024K)]
  0x0000021adc9570f0 JavaThread "Unconstrained build operations Thread 10"        [_thread_blocked, id=8604, stack(0x000000852cf00000,0x000000852d000000) (1024K)]
  0x0000021adbaaed90 JavaThread "WorkerExecutor Queue"              [_thread_in_Java, id=8060, stack(0x0000008529900000,0x0000008529a00000) (1024K)]
  0x0000021adbab0e60 JavaThread "WorkerExecutor Queue Thread 2"        [_thread_blocked, id=29008, stack(0x0000008529a00000,0x0000008529b00000) (1024K)]
  0x0000021adee90f60 JavaThread "C1 CompilerThread1"         daemon [_thread_in_native, id=2732, stack(0x0000008529c00000,0x0000008529d00000) (1024K)]
  0x0000021adee92aa0 JavaThread "C1 CompilerThread2"         daemon [_thread_blocked, id=29464, stack(0x000000852ce00000,0x000000852cf00000) (1024K)]
  0x0000021adee93170 JavaThread "C2 CompilerThread1"         daemon [_thread_in_native, id=2468, stack(0x000000852bf00000,0x000000852c000000) (1024K)]
  0x0000021adee901c0 JavaThread "C2 CompilerThread2"         daemon [_thread_in_native, id=25956, stack(0x000000852d000000,0x000000852d100000) (1024K)]
  0x0000021adee967f0 JavaThread "C2 CompilerThread3"         daemon [_thread_in_native, id=14720, stack(0x000000852d400000,0x000000852d500000) (1024K)]
  0x0000021adee945e0 JavaThread "C2 CompilerThread4"         daemon [_thread_in_native, id=22272, stack(0x000000852d500000,0x000000852d600000) (1024K)]
=>0x0000021adee95380 JavaThread "C2 CompilerThread5"         daemon [_thread_in_native, id=28364, stack(0x000000852d600000,0x000000852d700000) (1024K)]
  0x0000021adee94cb0 JavaThread "C2 CompilerThread6"         daemon [_thread_in_native, id=9460, stack(0x000000852d700000,0x000000852d800000) (1024K)]
  0x0000021add8433e0 JavaThread "C2 CompilerThread7"         daemon [_thread_in_native, id=7192, stack(0x000000852d800000,0x000000852d900000) (1024K)]
Total: 60

Other Threads:
  0x0000021ad2cd6e40 VMThread "VM Thread"                           [id=420, stack(0x0000008528f00000,0x0000008529000000) (1024K)]
  0x0000021ad2caca00 WatcherThread "VM Periodic Task Thread"        [id=13220, stack(0x0000008528e00000,0x0000008528f00000) (1024K)]
  0x0000021aba612560 WorkerThread "GC Thread#0"                     [id=5732, stack(0x0000008528900000,0x0000008528a00000) (1024K)]
  0x0000021ad3336e70 WorkerThread "GC Thread#1"                     [id=432, stack(0x000000852a000000,0x000000852a100000) (1024K)]
  0x0000021ad3563430 WorkerThread "GC Thread#2"                     [id=28504, stack(0x000000852a100000,0x000000852a200000) (1024K)]
  0x0000021ad36917c0 WorkerThread "GC Thread#3"                     [id=3120, stack(0x000000852a200000,0x000000852a300000) (1024K)]
  0x0000021ad3691b60 WorkerThread "GC Thread#4"                     [id=13416, stack(0x000000852a300000,0x000000852a400000) (1024K)]
  0x0000021ad33db6c0 WorkerThread "GC Thread#5"                     [id=28536, stack(0x000000852a400000,0x000000852a500000) (1024K)]
  0x0000021ad33dba60 WorkerThread "GC Thread#6"                     [id=21472, stack(0x000000852a500000,0x000000852a600000) (1024K)]
  0x0000021ad33dbe00 WorkerThread "GC Thread#7"                     [id=17748, stack(0x000000852a600000,0x000000852a700000) (1024K)]
  0x0000021ad33dc1a0 WorkerThread "GC Thread#8"                     [id=13632, stack(0x000000852a700000,0x000000852a800000) (1024K)]
  0x0000021ad33dc540 WorkerThread "GC Thread#9"                     [id=29028, stack(0x000000852a800000,0x000000852a900000) (1024K)]
  0x0000021ad851dfd0 WorkerThread "GC Thread#10"                    [id=20488, stack(0x000000852b000000,0x000000852b100000) (1024K)]
  0x0000021ad851e710 WorkerThread "GC Thread#11"                    [id=29664, stack(0x000000852b100000,0x000000852b200000) (1024K)]
  0x0000021ad851e370 WorkerThread "GC Thread#12"                    [id=9940, stack(0x000000852b200000,0x000000852b300000) (1024K)]
  0x0000021aba619450 ConcurrentGCThread "G1 Main Marker"            [id=23464, stack(0x0000008528a00000,0x0000008528b00000) (1024K)]
  0x0000021aba61cb60 WorkerThread "G1 Conc#0"                       [id=8228, stack(0x0000008528b00000,0x0000008528c00000) (1024K)]
  0x0000021ad851d890 WorkerThread "G1 Conc#1"                       [id=7704, stack(0x000000852b300000,0x000000852b400000) (1024K)]
  0x0000021ad851eab0 WorkerThread "G1 Conc#2"                       [id=16116, stack(0x000000852b400000,0x000000852b500000) (1024K)]
  0x0000021ad2b73040 ConcurrentGCThread "G1 Refine#0"               [id=19428, stack(0x0000008528c00000,0x0000008528d00000) (1024K)]
  0x0000021ad2b73860 ConcurrentGCThread "G1 Service"                [id=28600, stack(0x0000008528d00000,0x0000008528e00000) (1024K)]
Total: 21

Threads with active compile tasks:
C2 CompilerThread0  55147 19216       4       com.android.tools.r8.internal.di1::remove (1708 bytes)
C2 CompilerThread1  55147 19217       4       com.android.tools.r8.internal.l32::c (803 bytes)
C2 CompilerThread2  55147 18915 %     4       com.android.tools.r8.internal.l32::a @ 1229 (3042 bytes)
C2 CompilerThread3  55148 19062       4       com.android.tools.r8.internal.l32::c (1731 bytes)
C2 CompilerThread4  55148 19133       4       com.android.tools.r8.internal.jd4::a (142 bytes)
C2 CompilerThread5  55148 18837 %     4       com.android.tools.r8.internal.l32::a @ 1747 (2024 bytes)
C2 CompilerThread6  55148 19035       4       com.android.tools.r8.internal.nv2::a (500 bytes)
C2 CompilerThread7  55148 19150       4       com.android.tools.r8.graph.u2::a (439 bytes)
Total: 8

VM state: not at safepoint (normal execution)

VM Mutex/Monitor currently owned by a thread: None

Heap address: 0x00000000d0000000, size: 768 MB, Compressed Oops mode: 32-bit

CDS archive(s) not mapped
Compressed class space mapped at: 0x0000000100000000-0x0000000140000000, reserved size: 1073741824
Narrow klass base: 0x0000000000000000, Narrow klass shift: 3, Narrow klass range: 0x140000000

GC Precious Log:
 CardTable entry size: 512
 Card Set container configuration: InlinePtr #cards 5 size 8 Array Of Cards #cards 12 size 40 Howl #buckets 4 coarsen threshold 1843 Howl Bitmap #cards 512 size 80 coarsen threshold 460 Card regions per heap region 1 cards per card region 2048
 CPUs: 16 total, 16 available
 Memory: 28356M
 Large Page Support: Disabled
 NUMA Support: Disabled
 Compressed Oops: Enabled (32-bit)
 Heap Region Size: 1M
 Heap Min Capacity: 8M
 Heap Initial Capacity: 444M
 Heap Max Capacity: 768M
 Pre-touch: Disabled
 Parallel Workers: 13
 Concurrent Workers: 3
 Concurrent Refinement Workers: 13
 Periodic GC: Disabled

Heap:
 garbage-first heap   total 232448K, used 199291K [0x00000000d0000000, 0x0000000100000000)
  region size 1024K, 67 young (68608K), 6 survivors (6144K)
 Metaspace       used 137251K, committed 139520K, reserved 1179648K
  class space    used 18452K, committed 19648K, reserved 1048576K

Heap Regions: E=young(eden), S=young(survivor), O=old, HS=humongous(starts), HC=humongous(continues), CS=collection set, F=free, TAMS=top-at-mark-start, PB=parsable bottom
|   0|0x00000000d0000000, 0x00000000d0100000, 0x00000000d0100000|100%|HS|  |TAMS 0x00000000d0000000| PB 0x00000000d0000000| Complete 
|   1|0x00000000d0100000, 0x00000000d0200000, 0x00000000d0200000|100%|HC|  |TAMS 0x00000000d0100000| PB 0x00000000d0100000| Complete 
|   2|0x00000000d0200000, 0x00000000d0300000, 0x00000000d0300000|100%|HC|  |TAMS 0x00000000d0200000| PB 0x00000000d0200000| Complete 
|   3|0x00000000d0300000, 0x00000000d0400000, 0x00000000d0400000|100%| O|  |TAMS 0x00000000d0300000| PB 0x00000000d0300000| Untracked 
|   4|0x00000000d0400000, 0x00000000d0500000, 0x00000000d0500000|100%| O|  |TAMS 0x00000000d0400000| PB 0x00000000d0400000| Untracked 
|   5|0x00000000d0500000, 0x00000000d0600000, 0x00000000d0600000|100%| O|  |TAMS 0x00000000d0500000| PB 0x00000000d0500000| Untracked 
|   6|0x00000000d0600000, 0x00000000d0700000, 0x00000000d0700000|100%|HS|  |TAMS 0x00000000d0600000| PB 0x00000000d0600000| Complete 
|   7|0x00000000d0700000, 0x00000000d0800000, 0x00000000d0800000|100%| O|  |TAMS 0x00000000d0700000| PB 0x00000000d0700000| Untracked 
|   8|0x00000000d0800000, 0x00000000d0900000, 0x00000000d0900000|100%| O|  |TAMS 0x00000000d0800000| PB 0x00000000d0800000| Untracked 
|   9|0x00000000d0900000, 0x00000000d0a00000, 0x00000000d0a00000|100%| O|  |TAMS 0x00000000d0900000| PB 0x00000000d0900000| Untracked 
|  10|0x00000000d0a00000, 0x00000000d0b00000, 0x00000000d0b00000|100%| O|  |TAMS 0x00000000d0a00000| PB 0x00000000d0a00000| Untracked 
|  11|0x00000000d0b00000, 0x00000000d0c00000, 0x00000000d0c00000|100%| O|  |TAMS 0x00000000d0b00000| PB 0x00000000d0b00000| Untracked 
|  12|0x00000000d0c00000, 0x00000000d0d00000, 0x00000000d0d00000|100%| O|  |TAMS 0x00000000d0c00000| PB 0x00000000d0c00000| Untracked 
|  13|0x00000000d0d00000, 0x00000000d0e00000, 0x00000000d0e00000|100%| O|  |TAMS 0x00000000d0d00000| PB 0x00000000d0d00000| Untracked 
|  14|0x00000000d0e00000, 0x00000000d0f00000, 0x00000000d0f00000|100%| O|  |TAMS 0x00000000d0e00000| PB 0x00000000d0e00000| Untracked 
|  15|0x00000000d0f00000, 0x00000000d1000000, 0x00000000d1000000|100%| O|  |TAMS 0x00000000d0f00000| PB 0x00000000d0f00000| Untracked 
|  16|0x00000000d1000000, 0x00000000d1100000, 0x00000000d1100000|100%| O|  |TAMS 0x00000000d1000000| PB 0x00000000d1000000| Untracked 
|  17|0x00000000d1100000, 0x00000000d1200000, 0x00000000d1200000|100%| O|  |TAMS 0x00000000d1100000| PB 0x00000000d1100000| Untracked 
|  18|0x00000000d1200000, 0x00000000d1300000, 0x00000000d1300000|100%| O|  |TAMS 0x00000000d1200000| PB 0x00000000d1200000| Untracked 
|  19|0x00000000d1300000, 0x00000000d1400000, 0x00000000d1400000|100%| O|  |TAMS 0x00000000d1300000| PB 0x00000000d1300000| Untracked 
|  20|0x00000000d1400000, 0x00000000d1500000, 0x00000000d1500000|100%| O|  |TAMS 0x00000000d1400000| PB 0x00000000d1400000| Untracked 
|  21|0x00000000d1500000, 0x00000000d1600000, 0x00000000d1600000|100%| O|  |TAMS 0x00000000d1500000| PB 0x00000000d1500000| Untracked 
|  22|0x00000000d1600000, 0x00000000d1700000, 0x00000000d1700000|100%| O|  |TAMS 0x00000000d1600000| PB 0x00000000d1600000| Untracked 
|  23|0x00000000d1700000, 0x00000000d1800000, 0x00000000d1800000|100%| O|  |TAMS 0x00000000d1700000| PB 0x00000000d1700000| Untracked 
|  24|0x00000000d1800000, 0x00000000d1900000, 0x00000000d1900000|100%| O|  |TAMS 0x00000000d1800000| PB 0x00000000d1800000| Untracked 
|  25|0x00000000d1900000, 0x00000000d1a00000, 0x00000000d1a00000|100%| O|  |TAMS 0x00000000d1900000| PB 0x00000000d1900000| Untracked 
|  26|0x00000000d1a00000, 0x00000000d1b00000, 0x00000000d1b00000|100%| O|  |TAMS 0x00000000d1a00000| PB 0x00000000d1a00000| Untracked 
|  27|0x00000000d1b00000, 0x00000000d1c00000, 0x00000000d1c00000|100%| O|  |TAMS 0x00000000d1b00000| PB 0x00000000d1b00000| Untracked 
|  28|0x00000000d1c00000, 0x00000000d1d00000, 0x00000000d1d00000|100%| O|  |TAMS 0x00000000d1c00000| PB 0x00000000d1c00000| Untracked 
|  29|0x00000000d1d00000, 0x00000000d1e00000, 0x00000000d1e00000|100%| O|  |TAMS 0x00000000d1d00000| PB 0x00000000d1d00000| Untracked 
|  30|0x00000000d1e00000, 0x00000000d1f00000, 0x00000000d1f00000|100%| O|  |TAMS 0x00000000d1e00000| PB 0x00000000d1e00000| Untracked 
|  31|0x00000000d1f00000, 0x00000000d2000000, 0x00000000d2000000|100%| O|  |TAMS 0x00000000d1f00000| PB 0x00000000d1f00000| Untracked 
|  32|0x00000000d2000000, 0x00000000d2100000, 0x00000000d2100000|100%| O|  |TAMS 0x00000000d2000000| PB 0x00000000d2000000| Untracked 
|  33|0x00000000d2100000, 0x00000000d2200000, 0x00000000d2200000|100%| O|  |TAMS 0x00000000d2100000| PB 0x00000000d2100000| Untracked 
|  34|0x00000000d2200000, 0x00000000d2300000, 0x00000000d2300000|100%| O|  |TAMS 0x00000000d2200000| PB 0x00000000d2200000| Untracked 
|  35|0x00000000d2300000, 0x00000000d2400000, 0x00000000d2400000|100%| O|  |TAMS 0x00000000d2300000| PB 0x00000000d2300000| Untracked 
|  36|0x00000000d2400000, 0x00000000d2500000, 0x00000000d2500000|100%| O|  |TAMS 0x00000000d2400000| PB 0x00000000d2400000| Untracked 
|  37|0x00000000d2500000, 0x00000000d2600000, 0x00000000d2600000|100%| O|  |TAMS 0x00000000d2500000| PB 0x00000000d2500000| Untracked 
|  38|0x00000000d2600000, 0x00000000d2700000, 0x00000000d2700000|100%| O|  |TAMS 0x00000000d2600000| PB 0x00000000d2600000| Untracked 
|  39|0x00000000d2700000, 0x00000000d2800000, 0x00000000d2800000|100%| O|  |TAMS 0x00000000d2700000| PB 0x00000000d2700000| Untracked 
|  40|0x00000000d2800000, 0x00000000d2900000, 0x00000000d2900000|100%| O|  |TAMS 0x00000000d2800000| PB 0x00000000d2800000| Untracked 
|  41|0x00000000d2900000, 0x00000000d2a00000, 0x00000000d2a00000|100%| O|  |TAMS 0x00000000d2900000| PB 0x00000000d2900000| Untracked 
|  42|0x00000000d2a00000, 0x00000000d2b00000, 0x00000000d2b00000|100%| O|  |TAMS 0x00000000d2a00000| PB 0x00000000d2a00000| Untracked 
|  43|0x00000000d2b00000, 0x00000000d2c00000, 0x00000000d2c00000|100%| O|  |TAMS 0x00000000d2b00000| PB 0x00000000d2b00000| Untracked 
|  44|0x00000000d2c00000, 0x00000000d2d00000, 0x00000000d2d00000|100%| O|  |TAMS 0x00000000d2c00000| PB 0x00000000d2c00000| Untracked 
|  45|0x00000000d2d00000, 0x00000000d2e00000, 0x00000000d2e00000|100%| O|  |TAMS 0x00000000d2d00000| PB 0x00000000d2d00000| Untracked 
|  46|0x00000000d2e00000, 0x00000000d2f00000, 0x00000000d2f00000|100%| O|  |TAMS 0x00000000d2e00000| PB 0x00000000d2e00000| Untracked 
|  47|0x00000000d2f00000, 0x00000000d3000000, 0x00000000d3000000|100%| O|  |TAMS 0x00000000d2f00000| PB 0x00000000d2f00000| Untracked 
|  48|0x00000000d3000000, 0x00000000d3100000, 0x00000000d3100000|100%| O|  |TAMS 0x00000000d3000000| PB 0x00000000d3000000| Untracked 
|  49|0x00000000d3100000, 0x00000000d3200000, 0x00000000d3200000|100%| O|  |TAMS 0x00000000d3100000| PB 0x00000000d3100000| Untracked 
|  50|0x00000000d3200000, 0x00000000d3300000, 0x00000000d3300000|100%| O|  |TAMS 0x00000000d3200000| PB 0x00000000d3200000| Untracked 
|  51|0x00000000d3300000, 0x00000000d3400000, 0x00000000d3400000|100%|HS|  |TAMS 0x00000000d3300000| PB 0x00000000d3300000| Complete 
|  52|0x00000000d3400000, 0x00000000d3500000, 0x00000000d3500000|100%|HS|  |TAMS 0x00000000d3400000| PB 0x00000000d3400000| Complete 
|  53|0x00000000d3500000, 0x00000000d3600000, 0x00000000d3600000|100%|HS|  |TAMS 0x00000000d3500000| PB 0x00000000d3500000| Complete 
|  54|0x00000000d3600000, 0x00000000d3700000, 0x00000000d3700000|100%| O|  |TAMS 0x00000000d3600000| PB 0x00000000d3600000| Untracked 
|  55|0x00000000d3700000, 0x00000000d3800000, 0x00000000d3800000|100%| O|  |TAMS 0x00000000d3700000| PB 0x00000000d3700000| Untracked 
|  56|0x00000000d3800000, 0x00000000d3900000, 0x00000000d3900000|100%| O|  |TAMS 0x00000000d3800000| PB 0x00000000d3800000| Untracked 
|  57|0x00000000d3900000, 0x00000000d3a00000, 0x00000000d3a00000|100%|HS|  |TAMS 0x00000000d3900000| PB 0x00000000d3900000| Complete 
|  58|0x00000000d3a00000, 0x00000000d3b00000, 0x00000000d3b00000|100%|HC|  |TAMS 0x00000000d3a00000| PB 0x00000000d3a00000| Complete 
|  59|0x00000000d3b00000, 0x00000000d3c00000, 0x00000000d3c00000|100%|HS|  |TAMS 0x00000000d3b00000| PB 0x00000000d3b00000| Complete 
|  60|0x00000000d3c00000, 0x00000000d3d00000, 0x00000000d3d00000|100%|HC|  |TAMS 0x00000000d3c00000| PB 0x00000000d3c00000| Complete 
|  61|0x00000000d3d00000, 0x00000000d3e00000, 0x00000000d3e00000|100%|HS|  |TAMS 0x00000000d3d00000| PB 0x00000000d3d00000| Complete 
|  62|0x00000000d3e00000, 0x00000000d3f00000, 0x00000000d3f00000|100%|HS|  |TAMS 0x00000000d3e00000| PB 0x00000000d3e00000| Complete 
|  63|0x00000000d3f00000, 0x00000000d4000000, 0x00000000d4000000|100%| O|  |TAMS 0x00000000d3f00000| PB 0x00000000d3f00000| Untracked 
|  64|0x00000000d4000000, 0x00000000d4100000, 0x00000000d4100000|100%|HS|  |TAMS 0x00000000d4000000| PB 0x00000000d4000000| Complete 
|  65|0x00000000d4100000, 0x00000000d4200000, 0x00000000d4200000|100%| O|  |TAMS 0x00000000d4100000| PB 0x00000000d4100000| Untracked 
|  66|0x00000000d4200000, 0x00000000d4300000, 0x00000000d4300000|100%| O|  |TAMS 0x00000000d4200000| PB 0x00000000d4200000| Untracked 
|  67|0x00000000d4300000, 0x00000000d4400000, 0x00000000d4400000|100%| O|  |TAMS 0x00000000d4300000| PB 0x00000000d4300000| Untracked 
|  68|0x00000000d4400000, 0x00000000d4500000, 0x00000000d4500000|100%| O|  |TAMS 0x00000000d4400000| PB 0x00000000d4400000| Untracked 
|  69|0x00000000d4500000, 0x00000000d4600000, 0x00000000d4600000|100%| O|  |TAMS 0x00000000d4500000| PB 0x00000000d4500000| Untracked 
|  70|0x00000000d4600000, 0x00000000d4700000, 0x00000000d4700000|100%| O|  |TAMS 0x00000000d4600000| PB 0x00000000d4600000| Untracked 
|  71|0x00000000d4700000, 0x00000000d4800000, 0x00000000d4800000|100%|HS|  |TAMS 0x00000000d4700000| PB 0x00000000d4700000| Complete 
|  72|0x00000000d4800000, 0x00000000d4900000, 0x00000000d4900000|100%| O|  |TAMS 0x00000000d4800000| PB 0x00000000d4800000| Untracked 
|  73|0x00000000d4900000, 0x00000000d4a00000, 0x00000000d4a00000|100%| O|  |TAMS 0x00000000d4900000| PB 0x00000000d4900000| Untracked 
|  74|0x00000000d4a00000, 0x00000000d4b00000, 0x00000000d4b00000|100%| O|  |TAMS 0x00000000d4a00000| PB 0x00000000d4a00000| Untracked 
|  75|0x00000000d4b00000, 0x00000000d4c00000, 0x00000000d4c00000|100%| O|  |TAMS 0x00000000d4b00000| PB 0x00000000d4b00000| Untracked 
|  76|0x00000000d4c00000, 0x00000000d4d00000, 0x00000000d4d00000|100%| O|  |TAMS 0x00000000d4c00000| PB 0x00000000d4c00000| Untracked 
|  77|0x00000000d4d00000, 0x00000000d4e00000, 0x00000000d4e00000|100%| O|  |TAMS 0x00000000d4d00000| PB 0x00000000d4d00000| Untracked 
|  78|0x00000000d4e00000, 0x00000000d4f00000, 0x00000000d4f00000|100%| O|Cm|TAMS 0x00000000d4e00000| PB 0x00000000d4e00000| Complete 
|  79|0x00000000d4f00000, 0x00000000d5000000, 0x00000000d5000000|100%| O|  |TAMS 0x00000000d4f00000| PB 0x00000000d4f00000| Untracked 
|  80|0x00000000d5000000, 0x00000000d5100000, 0x00000000d5100000|100%| O|  |TAMS 0x00000000d5000000| PB 0x00000000d5000000| Untracked 
|  81|0x00000000d5100000, 0x00000000d5200000, 0x00000000d5200000|100%| O|  |TAMS 0x00000000d5100000| PB 0x00000000d5100000| Untracked 
|  82|0x00000000d5200000, 0x00000000d5300000, 0x00000000d5300000|100%| O|  |TAMS 0x00000000d5200000| PB 0x00000000d5200000| Untracked 
|  83|0x00000000d5300000, 0x00000000d5400000, 0x00000000d5400000|100%| O|  |TAMS 0x00000000d5300000| PB 0x00000000d5300000| Untracked 
|  84|0x00000000d5400000, 0x00000000d5400000, 0x00000000d5500000|  0%| F|  |TAMS 0x00000000d5400000| PB 0x00000000d5400000| Untracked 
|  85|0x00000000d5500000, 0x00000000d5600000, 0x00000000d5600000|100%| O|  |TAMS 0x00000000d5500000| PB 0x00000000d5500000| Untracked 
|  86|0x00000000d5600000, 0x00000000d5700000, 0x00000000d5700000|100%| O|  |TAMS 0x00000000d5600000| PB 0x00000000d5600000| Untracked 
|  87|0x00000000d5700000, 0x00000000d5800000, 0x00000000d5800000|100%| O|  |TAMS 0x00000000d5700000| PB 0x00000000d5700000| Untracked 
|  88|0x00000000d5800000, 0x00000000d5900000, 0x00000000d5900000|100%| O|  |TAMS 0x00000000d5800000| PB 0x00000000d5800000| Untracked 
|  89|0x00000000d5900000, 0x00000000d5a00000, 0x00000000d5a00000|100%| O|  |TAMS 0x00000000d5900000| PB 0x00000000d5900000| Untracked 
|  90|0x00000000d5a00000, 0x00000000d5a00000, 0x00000000d5b00000|  0%| F|  |TAMS 0x00000000d5a00000| PB 0x00000000d5a00000| Untracked 
|  91|0x00000000d5b00000, 0x00000000d5c00000, 0x00000000d5c00000|100%| O|  |TAMS 0x00000000d5b00000| PB 0x00000000d5b00000| Untracked 
|  92|0x00000000d5c00000, 0x00000000d5d00000, 0x00000000d5d00000|100%| O|  |TAMS 0x00000000d5c00000| PB 0x00000000d5c00000| Untracked 
|  93|0x00000000d5d00000, 0x00000000d5e00000, 0x00000000d5e00000|100%| O|  |TAMS 0x00000000d5d00000| PB 0x00000000d5d00000| Untracked 
|  94|0x00000000d5e00000, 0x00000000d5f00000, 0x00000000d5f00000|100%| O|  |TAMS 0x00000000d5e00000| PB 0x00000000d5e00000| Untracked 
|  95|0x00000000d5f00000, 0x00000000d6000000, 0x00000000d6000000|100%| O|  |TAMS 0x00000000d5f00000| PB 0x00000000d5f00000| Untracked 
|  96|0x00000000d6000000, 0x00000000d6100000, 0x00000000d6100000|100%| O|  |TAMS 0x00000000d6000000| PB 0x00000000d6000000| Untracked 
|  97|0x00000000d6100000, 0x00000000d6200000, 0x00000000d6200000|100%| O|  |TAMS 0x00000000d6100000| PB 0x00000000d6100000| Untracked 
|  98|0x00000000d6200000, 0x00000000d6300000, 0x00000000d6300000|100%| O|  |TAMS 0x00000000d6200000| PB 0x00000000d6200000| Untracked 
|  99|0x00000000d6300000, 0x00000000d6400000, 0x00000000d6400000|100%| O|  |TAMS 0x00000000d6300000| PB 0x00000000d6300000| Untracked 
| 100|0x00000000d6400000, 0x00000000d6500000, 0x00000000d6500000|100%| O|  |TAMS 0x00000000d6400000| PB 0x00000000d6400000| Untracked 
| 101|0x00000000d6500000, 0x00000000d6500000, 0x00000000d6600000|  0%| F|  |TAMS 0x00000000d6500000| PB 0x00000000d6500000| Untracked 
| 102|0x00000000d6600000, 0x00000000d6700000, 0x00000000d6700000|100%| O|Cm|TAMS 0x00000000d6600000| PB 0x00000000d6600000| Complete 
| 103|0x00000000d6700000, 0x00000000d6800000, 0x00000000d6800000|100%| O|  |TAMS 0x00000000d6700000| PB 0x00000000d6700000| Untracked 
| 104|0x00000000d6800000, 0x00000000d6900000, 0x00000000d6900000|100%| O|  |TAMS 0x00000000d6800000| PB 0x00000000d6800000| Untracked 
| 105|0x00000000d6900000, 0x00000000d6a00000, 0x00000000d6a00000|100%| O|  |TAMS 0x00000000d6900000| PB 0x00000000d6900000| Untracked 
| 106|0x00000000d6a00000, 0x00000000d6b00000, 0x00000000d6b00000|100%| O|  |TAMS 0x00000000d6a00000| PB 0x00000000d6a00000| Untracked 
| 107|0x00000000d6b00000, 0x00000000d6c00000, 0x00000000d6c00000|100%| O|  |TAMS 0x00000000d6b00000| PB 0x00000000d6b00000| Untracked 
| 108|0x00000000d6c00000, 0x00000000d6d00000, 0x00000000d6d00000|100%| O|  |TAMS 0x00000000d6c00000| PB 0x00000000d6c00000| Untracked 
| 109|0x00000000d6d00000, 0x00000000d6e00000, 0x00000000d6e00000|100%| O|  |TAMS 0x00000000d6d00000| PB 0x00000000d6d00000| Untracked 
| 110|0x00000000d6e00000, 0x00000000d6f00000, 0x00000000d6f00000|100%| O|  |TAMS 0x00000000d6e00000| PB 0x00000000d6e00000| Untracked 
| 111|0x00000000d6f00000, 0x00000000d7000000, 0x00000000d7000000|100%| O|  |TAMS 0x00000000d6f00000| PB 0x00000000d6f00000| Untracked 
| 112|0x00000000d7000000, 0x00000000d7100000, 0x00000000d7100000|100%| O|  |TAMS 0x00000000d7000000| PB 0x00000000d7000000| Untracked 
| 113|0x00000000d7100000, 0x00000000d7100000, 0x00000000d7200000|  0%| F|  |TAMS 0x00000000d7100000| PB 0x00000000d7100000| Untracked 
| 114|0x00000000d7200000, 0x00000000d7300000, 0x00000000d7300000|100%| O|  |TAMS 0x00000000d7200000| PB 0x00000000d7200000| Untracked 
| 115|0x00000000d7300000, 0x00000000d7400000, 0x00000000d7400000|100%| O|Cm|TAMS 0x00000000d7300000| PB 0x00000000d7300000| Complete 
| 116|0x00000000d7400000, 0x00000000d7500000, 0x00000000d7500000|100%| O|  |TAMS 0x00000000d7400000| PB 0x00000000d7400000| Untracked 
| 117|0x00000000d7500000, 0x00000000d7600000, 0x00000000d7600000|100%| O|  |TAMS 0x00000000d7500000| PB 0x00000000d7500000| Untracked 
| 118|0x00000000d7600000, 0x00000000d7700000, 0x00000000d7700000|100%| O|  |TAMS 0x00000000d7600000| PB 0x00000000d7600000| Untracked 
| 119|0x00000000d7700000, 0x00000000d7800000, 0x00000000d7800000|100%| O|  |TAMS 0x00000000d7700000| PB 0x00000000d7700000| Untracked 
| 120|0x00000000d7800000, 0x00000000d7900000, 0x00000000d7900000|100%| O|  |TAMS 0x00000000d7800000| PB 0x00000000d7800000| Untracked 
| 121|0x00000000d7900000, 0x00000000d7a00000, 0x00000000d7a00000|100%| O|  |TAMS 0x00000000d7900000| PB 0x00000000d7900000| Untracked 
| 122|0x00000000d7a00000, 0x00000000d7b00000, 0x00000000d7b00000|100%| O|  |TAMS 0x00000000d7a00000| PB 0x00000000d7a00000| Untracked 
| 123|0x00000000d7b00000, 0x00000000d7c00000, 0x00000000d7c00000|100%| O|  |TAMS 0x00000000d7b00000| PB 0x00000000d7b00000| Untracked 
| 124|0x00000000d7c00000, 0x00000000d7d00000, 0x00000000d7d00000|100%| O|  |TAMS 0x00000000d7c00000| PB 0x00000000d7c00000| Untracked 
| 125|0x00000000d7d00000, 0x00000000d7e00000, 0x00000000d7e00000|100%| O|  |TAMS 0x00000000d7d00000| PB 0x00000000d7d00000| Untracked 
| 126|0x00000000d7e00000, 0x00000000d7f00000, 0x00000000d7f00000|100%| O|  |TAMS 0x00000000d7e00000| PB 0x00000000d7e00000| Untracked 
| 127|0x00000000d7f00000, 0x00000000d8000000, 0x00000000d8000000|100%| O|  |TAMS 0x00000000d7f00000| PB 0x00000000d7f00000| Untracked 
| 128|0x00000000d8000000, 0x00000000d8100000, 0x00000000d8100000|100%| O|Cm|TAMS 0x00000000d8000000| PB 0x00000000d8000000| Complete 
| 129|0x00000000d8100000, 0x00000000d8200000, 0x00000000d8200000|100%| O|  |TAMS 0x00000000d8100000| PB 0x00000000d8100000| Untracked 
| 130|0x00000000d8200000, 0x00000000d8300000, 0x00000000d8300000|100%| O|  |TAMS 0x00000000d8200000| PB 0x00000000d8200000| Untracked 
| 131|0x00000000d8300000, 0x00000000d8400000, 0x00000000d8400000|100%| O|  |TAMS 0x00000000d8300000| PB 0x00000000d8300000| Untracked 
| 132|0x00000000d8400000, 0x00000000d8419ab8, 0x00000000d8500000| 10%| O|  |TAMS 0x00000000d8400000| PB 0x00000000d8400000| Untracked 
| 133|0x00000000d8500000, 0x00000000d8500000, 0x00000000d8600000|  0%| F|  |TAMS 0x00000000d8500000| PB 0x00000000d8500000| Untracked 
| 134|0x00000000d8600000, 0x00000000d8600000, 0x00000000d8700000|  0%| F|  |TAMS 0x00000000d8600000| PB 0x00000000d8600000| Untracked 
| 135|0x00000000d8700000, 0x00000000d8700000, 0x00000000d8800000|  0%| F|  |TAMS 0x00000000d8700000| PB 0x00000000d8700000| Untracked 
| 136|0x00000000d8800000, 0x00000000d8800000, 0x00000000d8900000|  0%| F|  |TAMS 0x00000000d8800000| PB 0x00000000d8800000| Untracked 
| 137|0x00000000d8900000, 0x00000000d8900000, 0x00000000d8a00000|  0%| F|  |TAMS 0x00000000d8900000| PB 0x00000000d8900000| Untracked 
| 138|0x00000000d8a00000, 0x00000000d8a00000, 0x00000000d8b00000|  0%| F|  |TAMS 0x00000000d8a00000| PB 0x00000000d8a00000| Untracked 
| 139|0x00000000d8b00000, 0x00000000d8b00000, 0x00000000d8c00000|  0%| F|  |TAMS 0x00000000d8b00000| PB 0x00000000d8b00000| Untracked 
| 140|0x00000000d8c00000, 0x00000000d8c85180, 0x00000000d8d00000| 51%| S|CS|TAMS 0x00000000d8c00000| PB 0x00000000d8c00000| Complete 
| 141|0x00000000d8d00000, 0x00000000d8d00000, 0x00000000d8e00000|  0%| F|  |TAMS 0x00000000d8d00000| PB 0x00000000d8d00000| Untracked 
| 142|0x00000000d8e00000, 0x00000000d8e00000, 0x00000000d8f00000|  0%| F|  |TAMS 0x00000000d8e00000| PB 0x00000000d8e00000| Untracked 
| 143|0x00000000d8f00000, 0x00000000d8f00000, 0x00000000d9000000|  0%| F|  |TAMS 0x00000000d8f00000| PB 0x00000000d8f00000| Untracked 
| 144|0x00000000d9000000, 0x00000000d9000000, 0x00000000d9100000|  0%| F|  |TAMS 0x00000000d9000000| PB 0x00000000d9000000| Untracked 
| 145|0x00000000d9100000, 0x00000000d9100000, 0x00000000d9200000|  0%| F|  |TAMS 0x00000000d9100000| PB 0x00000000d9100000| Untracked 
| 146|0x00000000d9200000, 0x00000000d9300000, 0x00000000d9300000|100%| S|CS|TAMS 0x00000000d9200000| PB 0x00000000d9200000| Complete 
| 147|0x00000000d9300000, 0x00000000d9400000, 0x00000000d9400000|100%| S|CS|TAMS 0x00000000d9300000| PB 0x00000000d9300000| Complete 
| 148|0x00000000d9400000, 0x00000000d9500000, 0x00000000d9500000|100%| S|CS|TAMS 0x00000000d9400000| PB 0x00000000d9400000| Complete 
| 149|0x00000000d9500000, 0x00000000d9600000, 0x00000000d9600000|100%| S|CS|TAMS 0x00000000d9500000| PB 0x00000000d9500000| Complete 
| 150|0x00000000d9600000, 0x00000000d9700000, 0x00000000d9700000|100%| S|CS|TAMS 0x00000000d9600000| PB 0x00000000d9600000| Complete 
| 151|0x00000000d9700000, 0x00000000d9700000, 0x00000000d9800000|  0%| F|  |TAMS 0x00000000d9700000| PB 0x00000000d9700000| Untracked 
| 152|0x00000000d9800000, 0x00000000d9800000, 0x00000000d9900000|  0%| F|  |TAMS 0x00000000d9800000| PB 0x00000000d9800000| Untracked 
| 153|0x00000000d9900000, 0x00000000d9900000, 0x00000000d9a00000|  0%| F|  |TAMS 0x00000000d9900000| PB 0x00000000d9900000| Untracked 
| 154|0x00000000d9a00000, 0x00000000d9a00000, 0x00000000d9b00000|  0%| F|  |TAMS 0x00000000d9a00000| PB 0x00000000d9a00000| Untracked 
| 155|0x00000000d9b00000, 0x00000000d9b00000, 0x00000000d9c00000|  0%| F|  |TAMS 0x00000000d9b00000| PB 0x00000000d9b00000| Untracked 
| 156|0x00000000d9c00000, 0x00000000d9c00000, 0x00000000d9d00000|  0%| F|  |TAMS 0x00000000d9c00000| PB 0x00000000d9c00000| Untracked 
| 157|0x00000000d9d00000, 0x00000000d9d00000, 0x00000000d9e00000|  0%| F|  |TAMS 0x00000000d9d00000| PB 0x00000000d9d00000| Untracked 
| 158|0x00000000d9e00000, 0x00000000d9e00000, 0x00000000d9f00000|  0%| F|  |TAMS 0x00000000d9e00000| PB 0x00000000d9e00000| Untracked 
| 159|0x00000000d9f00000, 0x00000000d9f00000, 0x00000000da000000|  0%| F|  |TAMS 0x00000000d9f00000| PB 0x00000000d9f00000| Untracked 
| 160|0x00000000da000000, 0x00000000da000000, 0x00000000da100000|  0%| F|  |TAMS 0x00000000da000000| PB 0x00000000da000000| Untracked 
| 161|0x00000000da100000, 0x00000000da100000, 0x00000000da200000|  0%| F|  |TAMS 0x00000000da100000| PB 0x00000000da100000| Complete 
| 162|0x00000000da200000, 0x00000000da300000, 0x00000000da300000|100%| E|CS|TAMS 0x00000000da200000| PB 0x00000000da200000| Complete 
| 163|0x00000000da300000, 0x00000000da400000, 0x00000000da400000|100%| E|CS|TAMS 0x00000000da300000| PB 0x00000000da300000| Complete 
| 164|0x00000000da400000, 0x00000000da500000, 0x00000000da500000|100%| E|CS|TAMS 0x00000000da400000| PB 0x00000000da400000| Complete 
| 165|0x00000000da500000, 0x00000000da600000, 0x00000000da600000|100%| E|CS|TAMS 0x00000000da500000| PB 0x00000000da500000| Complete 
| 166|0x00000000da600000, 0x00000000da700000, 0x00000000da700000|100%| E|CS|TAMS 0x00000000da600000| PB 0x00000000da600000| Complete 
| 167|0x00000000da700000, 0x00000000da800000, 0x00000000da800000|100%| E|CS|TAMS 0x00000000da700000| PB 0x00000000da700000| Complete 
| 168|0x00000000da800000, 0x00000000da900000, 0x00000000da900000|100%| E|CS|TAMS 0x00000000da800000| PB 0x00000000da800000| Complete 
| 169|0x00000000da900000, 0x00000000daa00000, 0x00000000daa00000|100%| E|CS|TAMS 0x00000000da900000| PB 0x00000000da900000| Complete 
| 170|0x00000000daa00000, 0x00000000dab00000, 0x00000000dab00000|100%| E|CS|TAMS 0x00000000daa00000| PB 0x00000000daa00000| Complete 
| 171|0x00000000dab00000, 0x00000000dac00000, 0x00000000dac00000|100%| E|CS|TAMS 0x00000000dab00000| PB 0x00000000dab00000| Complete 
| 172|0x00000000dac00000, 0x00000000dad00000, 0x00000000dad00000|100%| E|CS|TAMS 0x00000000dac00000| PB 0x00000000dac00000| Complete 
| 173|0x00000000dad00000, 0x00000000dae00000, 0x00000000dae00000|100%| E|CS|TAMS 0x00000000dad00000| PB 0x00000000dad00000| Complete 
| 174|0x00000000dae00000, 0x00000000daf00000, 0x00000000daf00000|100%| E|CS|TAMS 0x00000000dae00000| PB 0x00000000dae00000| Complete 
| 175|0x00000000daf00000, 0x00000000db000000, 0x00000000db000000|100%| E|CS|TAMS 0x00000000daf00000| PB 0x00000000daf00000| Complete 
| 176|0x00000000db000000, 0x00000000db100000, 0x00000000db100000|100%| E|CS|TAMS 0x00000000db000000| PB 0x00000000db000000| Complete 
| 177|0x00000000db100000, 0x00000000db200000, 0x00000000db200000|100%| E|CS|TAMS 0x00000000db100000| PB 0x00000000db100000| Complete 
| 178|0x00000000db200000, 0x00000000db300000, 0x00000000db300000|100%| E|CS|TAMS 0x00000000db200000| PB 0x00000000db200000| Complete 
| 179|0x00000000db300000, 0x00000000db400000, 0x00000000db400000|100%| E|CS|TAMS 0x00000000db300000| PB 0x00000000db300000| Complete 
| 180|0x00000000db400000, 0x00000000db500000, 0x00000000db500000|100%| E|CS|TAMS 0x00000000db400000| PB 0x00000000db400000| Complete 
| 181|0x00000000db500000, 0x00000000db600000, 0x00000000db600000|100%| E|CS|TAMS 0x00000000db500000| PB 0x00000000db500000| Complete 
| 182|0x00000000db600000, 0x00000000db700000, 0x00000000db700000|100%| E|CS|TAMS 0x00000000db600000| PB 0x00000000db600000| Complete 
| 183|0x00000000db700000, 0x00000000db700000, 0x00000000db800000|  0%| F|  |TAMS 0x00000000db700000| PB 0x00000000db700000| Untracked 
| 184|0x00000000db800000, 0x00000000db800000, 0x00000000db900000|  0%| F|  |TAMS 0x00000000db800000| PB 0x00000000db800000| Untracked 
| 185|0x00000000db900000, 0x00000000db900000, 0x00000000dba00000|  0%| F|  |TAMS 0x00000000db900000| PB 0x00000000db900000| Untracked 
| 186|0x00000000dba00000, 0x00000000dba00000, 0x00000000dbb00000|  0%| F|  |TAMS 0x00000000dba00000| PB 0x00000000dba00000| Untracked 
| 187|0x00000000dbb00000, 0x00000000dbb00000, 0x00000000dbc00000|  0%| F|  |TAMS 0x00000000dbb00000| PB 0x00000000dbb00000| Untracked 
| 188|0x00000000dbc00000, 0x00000000dbc00000, 0x00000000dbd00000|  0%| F|  |TAMS 0x00000000dbc00000| PB 0x00000000dbc00000| Untracked 
| 189|0x00000000dbd00000, 0x00000000dbd00000, 0x00000000dbe00000|  0%| F|  |TAMS 0x00000000dbd00000| PB 0x00000000dbd00000| Untracked 
| 190|0x00000000dbe00000, 0x00000000dbe00000, 0x00000000dbf00000|  0%| F|  |TAMS 0x00000000dbe00000| PB 0x00000000dbe00000| Untracked 
| 191|0x00000000dbf00000, 0x00000000dbf00000, 0x00000000dc000000|  0%| F|  |TAMS 0x00000000dbf00000| PB 0x00000000dbf00000| Untracked 
| 192|0x00000000dc000000, 0x00000000dc000000, 0x00000000dc100000|  0%| F|  |TAMS 0x00000000dc000000| PB 0x00000000dc000000| Untracked 
| 193|0x00000000dc100000, 0x00000000dc100000, 0x00000000dc200000|  0%| F|  |TAMS 0x00000000dc100000| PB 0x00000000dc100000| Untracked 
| 194|0x00000000dc200000, 0x00000000dc200000, 0x00000000dc300000|  0%| F|  |TAMS 0x00000000dc200000| PB 0x00000000dc200000| Untracked 
| 195|0x00000000dc300000, 0x00000000dc300000, 0x00000000dc400000|  0%| F|  |TAMS 0x00000000dc300000| PB 0x00000000dc300000| Untracked 
| 196|0x00000000dc400000, 0x00000000dc400000, 0x00000000dc500000|  0%| F|  |TAMS 0x00000000dc400000| PB 0x00000000dc400000| Untracked 
| 197|0x00000000dc500000, 0x00000000dc500000, 0x00000000dc600000|  0%| F|  |TAMS 0x00000000dc500000| PB 0x00000000dc500000| Untracked 
| 198|0x00000000dc600000, 0x00000000dc600000, 0x00000000dc700000|  0%| F|  |TAMS 0x00000000dc600000| PB 0x00000000dc600000| Untracked 
| 199|0x00000000dc700000, 0x00000000dc700000, 0x00000000dc800000|  0%| F|  |TAMS 0x00000000dc700000| PB 0x00000000dc700000| Untracked 
| 200|0x00000000dc800000, 0x00000000dc800000, 0x00000000dc900000|  0%| F|  |TAMS 0x00000000dc800000| PB 0x00000000dc800000| Untracked 
| 201|0x00000000dc900000, 0x00000000dc900000, 0x00000000dca00000|  0%| F|  |TAMS 0x00000000dc900000| PB 0x00000000dc900000| Untracked 
| 202|0x00000000dca00000, 0x00000000dca00000, 0x00000000dcb00000|  0%| F|  |TAMS 0x00000000dca00000| PB 0x00000000dca00000| Untracked 
| 203|0x00000000dcb00000, 0x00000000dcb00000, 0x00000000dcc00000|  0%| F|  |TAMS 0x00000000dcb00000| PB 0x00000000dcb00000| Untracked 
| 204|0x00000000dcc00000, 0x00000000dcc00000, 0x00000000dcd00000|  0%| F|  |TAMS 0x00000000dcc00000| PB 0x00000000dcc00000| Untracked 
| 205|0x00000000dcd00000, 0x00000000dcd00000, 0x00000000dce00000|  0%| F|  |TAMS 0x00000000dcd00000| PB 0x00000000dcd00000| Untracked 
| 206|0x00000000dce00000, 0x00000000dce00000, 0x00000000dcf00000|  0%| F|  |TAMS 0x00000000dce00000| PB 0x00000000dce00000| Untracked 
| 207|0x00000000dcf00000, 0x00000000dcf00000, 0x00000000dd000000|  0%| F|  |TAMS 0x00000000dcf00000| PB 0x00000000dcf00000| Untracked 
| 208|0x00000000dd000000, 0x00000000dd000000, 0x00000000dd100000|  0%| F|  |TAMS 0x00000000dd000000| PB 0x00000000dd000000| Untracked 
| 209|0x00000000dd100000, 0x00000000dd100000, 0x00000000dd200000|  0%| F|  |TAMS 0x00000000dd100000| PB 0x00000000dd100000| Untracked 
| 210|0x00000000dd200000, 0x00000000dd200000, 0x00000000dd300000|  0%| F|  |TAMS 0x00000000dd200000| PB 0x00000000dd200000| Untracked 
| 211|0x00000000dd300000, 0x00000000dd300000, 0x00000000dd400000|  0%| F|  |TAMS 0x00000000dd300000| PB 0x00000000dd300000| Untracked 
| 212|0x00000000dd400000, 0x00000000dd400000, 0x00000000dd500000|  0%| F|  |TAMS 0x00000000dd400000| PB 0x00000000dd400000| Untracked 
| 213|0x00000000dd500000, 0x00000000dd500000, 0x00000000dd600000|  0%| F|  |TAMS 0x00000000dd500000| PB 0x00000000dd500000| Untracked 
| 214|0x00000000dd600000, 0x00000000dd600000, 0x00000000dd700000|  0%| F|  |TAMS 0x00000000dd600000| PB 0x00000000dd600000| Untracked 
| 412|0x00000000e9c00000, 0x00000000e9c00000, 0x00000000e9d00000|  0%| F|  |TAMS 0x00000000e9c00000| PB 0x00000000e9c00000| Untracked 
| 413|0x00000000e9d00000, 0x00000000e9d00000, 0x00000000e9e00000|  0%| F|  |TAMS 0x00000000e9d00000| PB 0x00000000e9d00000| Untracked 
| 414|0x00000000e9e00000, 0x00000000e9e00000, 0x00000000e9f00000|  0%| F|  |TAMS 0x00000000e9e00000| PB 0x00000000e9e00000| Untracked 
| 415|0x00000000e9f00000, 0x00000000e9f00000, 0x00000000ea000000|  0%| F|  |TAMS 0x00000000e9f00000| PB 0x00000000e9f00000| Untracked 
| 416|0x00000000ea000000, 0x00000000ea000000, 0x00000000ea100000|  0%| F|  |TAMS 0x00000000ea000000| PB 0x00000000ea000000| Untracked 
| 417|0x00000000ea100000, 0x00000000ea100000, 0x00000000ea200000|  0%| F|  |TAMS 0x00000000ea100000| PB 0x00000000ea100000| Untracked 
| 418|0x00000000ea200000, 0x00000000ea200000, 0x00000000ea300000|  0%| F|  |TAMS 0x00000000ea200000| PB 0x00000000ea200000| Untracked 
| 419|0x00000000ea300000, 0x00000000ea300000, 0x00000000ea400000|  0%| F|  |TAMS 0x00000000ea300000| PB 0x00000000ea300000| Untracked 
| 420|0x00000000ea400000, 0x00000000ea400000, 0x00000000ea500000|  0%| F|  |TAMS 0x00000000ea400000| PB 0x00000000ea400000| Untracked 
| 443|0x00000000ebb00000, 0x00000000ebc00000, 0x00000000ebc00000|100%| E|  |TAMS 0x00000000ebb00000| PB 0x00000000ebb00000| Complete 
| 766|0x00000000ffe00000, 0x00000000fff00000, 0x00000000fff00000|100%| O|  |TAMS 0x00000000ffe00000| PB 0x00000000ffe00000| Untracked 
| 767|0x00000000fff00000, 0x0000000100000000, 0x0000000100000000|100%| E|CS|TAMS 0x00000000fff00000| PB 0x00000000fff00000| Complete 

Card table byte_map: [0x0000021acee20000,0x0000021acefa0000] _byte_map_base: 0x0000021ace7a0000

Marking Bits: (CMBitMap*) 0x0000021aba612b70
 Bits: [0x0000021acefa0000, 0x0000021acfba0000)

Polling page: 0x0000021aba340000

Metaspace:

Usage:
  Non-class:    116.03 MB used.
      Class:     18.02 MB used.
       Both:    134.05 MB used.

Virtual space:
  Non-class space:      128.00 MB reserved,     117.12 MB ( 92%) committed,  2 nodes.
      Class space:        1.00 GB reserved,      19.19 MB (  2%) committed,  1 nodes.
             Both:        1.12 GB reserved,     136.31 MB ( 12%) committed. 

Chunk freelists:
   Non-Class:  10.19 MB
       Class:  12.67 MB
        Both:  22.86 MB

MaxMetaspaceSize: unlimited
CompressedClassSpaceSize: 1.00 GB
Initial GC threshold: 21.00 MB
Current GC threshold: 227.00 MB
CDS: off
 - commit_granule_bytes: 65536.
 - commit_granule_words: 8192.
 - virtual_space_node_default_size: 8388608.
 - enlarge_chunks_in_place: 1.
 - use_allocation_guard: 0.


Internal statistics:

num_allocs_failed_limit: 6.
num_arena_births: 4380.
num_arena_deaths: 0.
num_vsnodes_births: 3.
num_vsnodes_deaths: 0.
num_space_committed: 2180.
num_space_uncommitted: 0.
num_chunks_returned_to_freelist: 6.
num_chunks_taken_from_freelist: 10269.
num_chunk_merges: 6.
num_chunk_splits: 6762.
num_chunks_enlarged: 4332.
num_inconsistent_stats: 0.

CodeHeap 'non-profiled nmethods': size=119168Kb used=10464Kb max_used=10616Kb free=108703Kb
 bounds [0x0000021ac6880000, 0x0000021ac72e0000, 0x0000021acdce0000]
CodeHeap 'profiled nmethods': size=119104Kb used=32469Kb max_used=32507Kb free=86634Kb
 bounds [0x0000021abece0000, 0x0000021ac0ce0000, 0x0000021ac6130000]
CodeHeap 'non-nmethods': size=7488Kb used=3304Kb max_used=3892Kb free=4183Kb
 bounds [0x0000021ac6130000, 0x0000021ac6510000, 0x0000021ac6880000]
 total_blobs=17058 nmethods=16157 adapters=802
 compilation: enabled
              stopped_count=0, restarted_count=0
 full_count=0

Compilation events (20 events):
Event: 55.046 Thread 0x0000021adee93170 19123       4       com.android.tools.r8.internal.qn::a (9 bytes)
Event: 55.046 Thread 0x0000021adee93170 nmethod 19123 0x0000021ac68a7d10 code [0x0000021ac68a7ea0, 0x0000021ac68a7f50]
Event: 55.046 Thread 0x0000021adee93170 19192       4       com.android.tools.r8.internal.mn::<init> (31 bytes)
Event: 55.047 Thread 0x0000021adee90f60 19193       1       com.android.tools.r8.internal.ro2::comparator (2 bytes)
Event: 55.047 Thread 0x0000021adee90f60 nmethod 19193 0x0000021ac68a7a10 code [0x0000021ac68a7ba0, 0x0000021ac68a7c70]
Event: 55.048 Thread 0x0000021adee90f60 19194       1       com.android.tools.r8.internal.qk::B (4 bytes)
Event: 55.048 Thread 0x0000021adee90f60 nmethod 19194 0x0000021ac68a7710 code [0x0000021ac68a78a0, 0x0000021ac68a7968]
Event: 55.049 Thread 0x0000021adee92aa0 19195       1       com.android.tools.r8.internal.qa4::j (5 bytes)
Event: 55.049 Thread 0x0000021adee92aa0 nmethod 19195 0x0000021ac68a7410 code [0x0000021ac68a75a0, 0x0000021ac68a7668]
Event: 55.052 Thread 0x0000021adee93170 nmethod 19192 0x0000021ac7081d10 code [0x0000021ac7081ee0, 0x0000021ac70823f0]
Event: 55.052 Thread 0x0000021adee93170 19128       4       com.android.tools.r8.internal.su3$$Lambda/0x000000010127b9d0::applyAsInt (8 bytes)
Event: 55.053 Thread 0x0000021adee93170 nmethod 19128 0x0000021ac68a6f10 code [0x0000021ac68a70a0, 0x0000021ac68a71a0]
Event: 55.053 Thread 0x0000021adee93170 19118       4       com.android.tools.r8.internal.qh2::a (74 bytes)
Event: 55.054 Thread 0x0000021ad2decfa0 19196       3       com.android.tools.r8.internal.ji::a (46 bytes)
Event: 55.054 Thread 0x0000021adee92aa0 19197       3       com.android.tools.r8.internal.r31$$Lambda/0x000000010132eb98::accept (24 bytes)
Event: 55.054 Thread 0x0000021adee90f60 19198       3       com.android.tools.r8.internal.r31::a (124 bytes)
Event: 55.054 Thread 0x0000021ad2decfa0 nmethod 19196 0x0000021abf983d90 code [0x0000021abf983f80, 0x0000021abf9844d8]
Event: 55.054 Thread 0x0000021adee92aa0 nmethod 19197 0x0000021abee6ef90 code [0x0000021abee6f160, 0x0000021abee6f480]
Event: 55.055 Thread 0x0000021ad2db9570 nmethod 19122 0x0000021ac68d3290 code [0x0000021ac68d3480, 0x0000021ac68d4100]
Event: 55.055 Thread 0x0000021ad2decfa0 19199       3       com.android.tools.r8.internal.n31::<init> (22 bytes)

GC Heap History (20 events):
Event: 40.738 GC heap before
{Heap before GC invocations=57 (full 0):
 garbage-first heap   total 198656K, used 150992K [0x00000000d0000000, 0x0000000100000000)
  region size 1024K, 39 young (39936K), 5 survivors (5120K)
 Metaspace       used 119936K, committed 122112K, reserved 1179648K
  class space    used 16137K, committed 17216K, reserved 1048576K
}
Event: 40.742 GC heap after
{Heap after GC invocations=58 (full 0):
 garbage-first heap   total 198656K, used 119067K [0x00000000d0000000, 0x0000000100000000)
  region size 1024K, 4 young (4096K), 4 survivors (4096K)
 Metaspace       used 119936K, committed 122112K, reserved 1179648K
  class space    used 16137K, committed 17216K, reserved 1048576K
}
Event: 42.493 GC heap before
{Heap before GC invocations=58 (full 0):
 garbage-first heap   total 198656K, used 179483K [0x00000000d0000000, 0x0000000100000000)
  region size 1024K, 64 young (65536K), 4 survivors (4096K)
 Metaspace       used 120037K, committed 122240K, reserved 1179648K
  class space    used 16149K, committed 17280K, reserved 1048576K
}
Event: 42.498 GC heap after
{Heap after GC invocations=59 (full 0):
 garbage-first heap   total 198656K, used 120495K [0x00000000d0000000, 0x0000000100000000)
  region size 1024K, 6 young (6144K), 6 survivors (6144K)
 Metaspace       used 120037K, committed 122240K, reserved 1179648K
  class space    used 16149K, committed 17280K, reserved 1048576K
}
Event: 43.945 GC heap before
{Heap before GC invocations=59 (full 0):
 garbage-first heap   total 198656K, used 179887K [0x00000000d0000000, 0x0000000100000000)
  region size 1024K, 65 young (66560K), 6 survivors (6144K)
 Metaspace       used 120418K, committed 122624K, reserved 1179648K
  class space    used 16191K, committed 17280K, reserved 1048576K
}
Event: 43.951 GC heap after
{Heap after GC invocations=60 (full 0):
 garbage-first heap   total 198656K, used 124521K [0x00000000d0000000, 0x0000000100000000)
  region size 1024K, 9 young (9216K), 9 survivors (9216K)
 Metaspace       used 120418K, committed 122624K, reserved 1179648K
  class space    used 16191K, committed 17280K, reserved 1048576K
}
Event: 45.317 GC heap before
{Heap before GC invocations=60 (full 0):
 garbage-first heap   total 198656K, used 176745K [0x00000000d0000000, 0x0000000100000000)
  region size 1024K, 60 young (61440K), 9 survivors (9216K)
 Metaspace       used 120518K, committed 122688K, reserved 1179648K
  class space    used 16200K, committed 17280K, reserved 1048576K
}
Event: 45.322 GC heap after
{Heap after GC invocations=61 (full 0):
 garbage-first heap   total 198656K, used 126173K [0x00000000d0000000, 0x0000000100000000)
  region size 1024K, 5 young (5120K), 5 survivors (5120K)
 Metaspace       used 120518K, committed 122688K, reserved 1179648K
  class space    used 16200K, committed 17280K, reserved 1048576K
}
Event: 46.768 GC heap before
{Heap before GC invocations=62 (full 0):
 garbage-first heap   total 211968K, used 181469K [0x00000000d0000000, 0x0000000100000000)
  region size 1024K, 59 young (60416K), 5 survivors (5120K)
 Metaspace       used 120558K, committed 122752K, reserved 1179648K
  class space    used 16205K, committed 17280K, reserved 1048576K
}
Event: 46.772 GC heap after
{Heap after GC invocations=63 (full 0):
 garbage-first heap   total 211968K, used 128586K [0x00000000d0000000, 0x0000000100000000)
  region size 1024K, 7 young (7168K), 7 survivors (7168K)
 Metaspace       used 120558K, committed 122752K, reserved 1179648K
  class space    used 16205K, committed 17280K, reserved 1048576K
}
Event: 49.236 GC heap before
{Heap before GC invocations=63 (full 0):
 garbage-first heap   total 211968K, used 192074K [0x00000000d0000000, 0x0000000100000000)
  region size 1024K, 70 young (71680K), 7 survivors (7168K)
 Metaspace       used 121972K, committed 124224K, reserved 1179648K
  class space    used 16428K, committed 17536K, reserved 1048576K
}
Event: 49.243 GC heap after
{Heap after GC invocations=64 (full 0):
 garbage-first heap   total 211968K, used 129002K [0x00000000d0000000, 0x0000000100000000)
  region size 1024K, 8 young (8192K), 8 survivors (8192K)
 Metaspace       used 121972K, committed 124224K, reserved 1179648K
  class space    used 16428K, committed 17536K, reserved 1048576K
}
Event: 51.101 GC heap before
{Heap before GC invocations=64 (full 0):
 garbage-first heap   total 211968K, used 190442K [0x00000000d0000000, 0x0000000100000000)
  region size 1024K, 69 young (70656K), 8 survivors (8192K)
 Metaspace       used 128391K, committed 130624K, reserved 1179648K
  class space    used 17307K, committed 18432K, reserved 1048576K
}
Event: 51.107 GC heap after
{Heap after GC invocations=65 (full 0):
 garbage-first heap   total 211968K, used 133511K [0x00000000d0000000, 0x0000000100000000)
  region size 1024K, 9 young (9216K), 9 survivors (9216K)
 Metaspace       used 128391K, committed 130624K, reserved 1179648K
  class space    used 17307K, committed 18432K, reserved 1048576K
}
Event: 52.708 GC heap before
{Heap before GC invocations=66 (full 0):
 garbage-first heap   total 224256K, used 188807K [0x00000000d0000000, 0x0000000100000000)
  region size 1024K, 64 young (65536K), 9 survivors (9216K)
 Metaspace       used 134173K, committed 136448K, reserved 1179648K
  class space    used 18136K, committed 19328K, reserved 1048576K
}
Event: 52.715 GC heap after
{Heap after GC invocations=67 (full 0):
 garbage-first heap   total 224256K, used 137455K [0x00000000d0000000, 0x0000000100000000)
  region size 1024K, 5 young (5120K), 5 survivors (5120K)
 Metaspace       used 134173K, committed 136448K, reserved 1179648K
  class space    used 18136K, committed 19328K, reserved 1048576K
}
Event: 53.967 GC heap before
{Heap before GC invocations=67 (full 0):
 garbage-first heap   total 224256K, used 206063K [0x00000000d0000000, 0x0000000100000000)
  region size 1024K, 72 young (73728K), 5 survivors (5120K)
 Metaspace       used 136681K, committed 138944K, reserved 1179648K
  class space    used 18377K, committed 19520K, reserved 1048576K
}
Event: 53.972 GC heap after
{Heap after GC invocations=68 (full 0):
 garbage-first heap   total 224256K, used 137147K [0x00000000d0000000, 0x0000000100000000)
  region size 1024K, 5 young (5120K), 5 survivors (5120K)
 Metaspace       used 136681K, committed 138944K, reserved 1179648K
  class space    used 18377K, committed 19520K, reserved 1048576K
}
Event: 54.611 GC heap before
{Heap before GC invocations=68 (full 0):
 garbage-first heap   total 224256K, used 205755K [0x00000000d0000000, 0x0000000100000000)
  region size 1024K, 72 young (73728K), 5 survivors (5120K)
 Metaspace       used 137143K, committed 139456K, reserved 1179648K
  class space    used 18450K, committed 19648K, reserved 1048576K
}
Event: 54.616 GC heap after
{Heap after GC invocations=69 (full 0):
 garbage-first heap   total 224256K, used 137851K [0x00000000d0000000, 0x0000000100000000)
  region size 1024K, 6 young (6144K), 6 survivors (6144K)
 Metaspace       used 137143K, committed 139456K, reserved 1179648K
  class space    used 18450K, committed 19648K, reserved 1048576K
}

Dll operation events (3 events):
Event: 0.028 Loaded shared library C:\Program Files\Android\Android Studio2\jbr\bin\java.dll
Event: 0.041 Loaded shared library C:\Program Files\Android\Android Studio2\jbr\bin\zip.dll
Event: 1.347 Loaded shared library C:\Program Files\Android\Android Studio2\jbr\bin\verify.dll

Deoptimization events (20 events):
Event: 55.017 Thread 0x0000021adbaaed90 Uncommon trap: trap_request=0xffffff45 fr.pc=0x0000021ac723988c relative=0x00000000000001ec
Event: 55.017 Thread 0x0000021adbaaed90 Uncommon trap: reason=unstable_if action=reinterpret pc=0x0000021ac723988c method=com.android.tools.r8.internal.l32.m()Z @ 36 c2
Event: 55.017 Thread 0x0000021adbaaed90 DEOPT PACKING pc=0x0000021ac723988c sp=0x00000085299fb8b0
Event: 55.017 Thread 0x0000021adbaaed90 DEOPT UNPACKING pc=0x0000021ac61846a2 sp=0x00000085299fb778 mode 2
Event: 55.017 Thread 0x0000021adbaaed90 Uncommon trap: trap_request=0xffffff6e fr.pc=0x0000021ac6f93e58 relative=0x0000000000000c78
Event: 55.017 Thread 0x0000021adbaaed90 Uncommon trap: reason=loop_limit_check action=maybe_recompile pc=0x0000021ac6f93e58 method=com.android.tools.r8.internal.s0.putAll(Ljava/util/Map;)V @ 31 c2
Event: 55.017 Thread 0x0000021adbaaed90 DEOPT PACKING pc=0x0000021ac6f93e58 sp=0x00000085299fb8d0
Event: 55.017 Thread 0x0000021adbaaed90 DEOPT UNPACKING pc=0x0000021ac61846a2 sp=0x00000085299fb8c0 mode 2
Event: 55.017 Thread 0x0000021adbaaed90 Uncommon trap: trap_request=0xffffff45 fr.pc=0x0000021ac717bb4c relative=0x0000000000000e6c
Event: 55.017 Thread 0x0000021adbaaed90 Uncommon trap: reason=unstable_if action=reinterpret pc=0x0000021ac717bb4c method=com.android.tools.r8.internal.l32.m()Z @ 36 c2
Event: 55.017 Thread 0x0000021adbaaed90 DEOPT PACKING pc=0x0000021ac717bb4c sp=0x00000085299fbbb0
Event: 55.017 Thread 0x0000021adbaaed90 DEOPT UNPACKING pc=0x0000021ac61846a2 sp=0x00000085299fb998 mode 2
Event: 55.018 Thread 0x0000021adbaaed90 Uncommon trap: trap_request=0xffffff45 fr.pc=0x0000021ac6e38e70 relative=0x0000000000003050
Event: 55.018 Thread 0x0000021adbaaed90 Uncommon trap: reason=unstable_if action=reinterpret pc=0x0000021ac6e38e70 method=com.android.tools.r8.internal.l32.m()Z @ 36 c2
Event: 55.018 Thread 0x0000021adbaaed90 DEOPT PACKING pc=0x0000021ac6e38e70 sp=0x00000085299fbdd0
Event: 55.018 Thread 0x0000021adbaaed90 DEOPT UNPACKING pc=0x0000021ac61846a2 sp=0x00000085299fbbf8 mode 2
Event: 55.025 Thread 0x0000021adbaaed90 Uncommon trap: trap_request=0xffffff6e fr.pc=0x0000021ac6f3d5d4 relative=0x0000000000000774
Event: 55.025 Thread 0x0000021adbaaed90 Uncommon trap: reason=loop_limit_check action=maybe_recompile pc=0x0000021ac6f3d5d4 method=com.android.tools.r8.internal.di1.remove(I)Z @ 1558 c2
Event: 55.025 Thread 0x0000021adbaaed90 DEOPT PACKING pc=0x0000021ac6f3d5d4 sp=0x00000085299fb460
Event: 55.025 Thread 0x0000021adbaaed90 DEOPT UNPACKING pc=0x0000021ac61846a2 sp=0x00000085299fb430 mode 2

Classes loaded (20 events):
Event: 52.203 Loading class java/util/IdentityHashMap$IdentityHashMapSpliterator done
Event: 52.203 Loading class java/util/IdentityHashMap$EntrySpliterator done
Event: 52.204 Loading class java/util/stream/SortedOps$RefSortingSink
Event: 52.204 Loading class java/util/stream/SortedOps$RefSortingSink done
Event: 52.242 Loading class java/util/SortedSet$1
Event: 52.242 Loading class java/util/SortedSet$1 done
Event: 52.247 Loading class java/util/stream/SliceOps
Event: 52.248 Loading class java/util/stream/SliceOps done
Event: 52.248 Loading class java/util/stream/SliceOps$1
Event: 52.248 Loading class java/util/stream/SliceOps$1 done
Event: 52.249 Loading class java/util/stream/SliceOps$1$1
Event: 52.249 Loading class java/util/stream/SliceOps$1$1 done
Event: 52.278 Loading class java/util/PriorityQueue
Event: 52.279 Loading class java/util/PriorityQueue done
Event: 52.842 Loading class java/util/IdentityHashMap$ValueIterator
Event: 52.843 Loading class java/util/IdentityHashMap$ValueIterator done
Event: 53.154 Loading class java/util/concurrent/ConcurrentHashMap$TreeNode
Event: 53.155 Loading class java/util/concurrent/ConcurrentHashMap$TreeNode done
Event: 53.155 Loading class java/util/concurrent/ConcurrentHashMap$TreeBin
Event: 53.155 Loading class java/util/concurrent/ConcurrentHashMap$TreeBin done

Classes unloaded (0 events):
No events

Classes redefined (0 events):
No events

Internal exceptions (20 events):
Event: 48.951 Thread 0x0000021adbb3b6a0 Exception <a 'sun/nio/fs/WindowsException'{0x00000000d90c49e0}> (0x00000000d90c49e0) 
thrown [s\src\hotspot\share\prims\jni.cpp, line 535]
Event: 48.952 Thread 0x0000021adbb3b6a0 Exception <a 'sun/nio/fs/WindowsException'{0x00000000d90c5e30}> (0x00000000d90c5e30) 
thrown [s\src\hotspot\share\prims\jni.cpp, line 535]
Event: 49.003 Thread 0x0000021adbb3b6a0 Exception <a 'java/lang/NoSuchMethodError'{0x00000000d8e6ebf8}: static Lcom/android/build/gradle/internal/tasks/DexArchiveBuilderTaskDelegate$ClasspathServiceKey;.<clinit>()V> (0x00000000d8e6ebf8) 
thrown [s\src\hotspot\share\prims\jni.cpp, line 1139]
Event: 50.059 Thread 0x0000021adbaaed90 Exception <a 'java/lang/NoSuchMethodError'{0x00000000db798e38}: 'java.lang.Object java.lang.invoke.DirectMethodHandle$Holder.invokeStaticInit(java.lang.Object, java.lang.Object, java.lang.Object, java.lang.Object, java.lang.Object, java.lang.Object, java.lang.Object, java.lang.Object, java.lang.Object, java.lang.Object, java.lang.Object, java.lang.Object, java.lang.Object, java.lang.Object, java.lang.Object, java.lang.Object, java.lang.Object, java.lang.Object, java.lang.Object, java.lang.Object, int, java
Event: 50.061 Thread 0x0000021adbaaed90 Exception <a 'java/lang/IncompatibleClassChangeError'{0x00000000db7af468}: Found class java.lang.Object, but interface was expected> (0x00000000db7af468) 
thrown [s\src\hotspot\share\interpreter\linkResolver.cpp, line 851]
Event: 50.061 Thread 0x0000021adbaaed90 Exception <a 'java/lang/IncompatibleClassChangeError'{0x00000000db7b8e00}: Found class java.lang.Object, but interface was expected> (0x00000000db7b8e00) 
thrown [s\src\hotspot\share\interpreter\linkResolver.cpp, line 851]
Event: 50.129 Thread 0x0000021adbaaed90 Exception <a 'java/lang/IncompatibleClassChangeError'{0x00000000db58e530}: Found class java.lang.Object, but interface was expected> (0x00000000db58e530) 
thrown [s\src\hotspot\share\interpreter\linkResolver.cpp, line 851]
Event: 50.731 Thread 0x0000021adbaaed90 Exception <a 'java/lang/IncompatibleClassChangeError'{0x00000000da027f80}: Found class java.lang.Object, but interface was expected> (0x00000000da027f80) 
thrown [s\src\hotspot\share\interpreter\linkResolver.cpp, line 851]
Event: 50.733 Thread 0x0000021adbaaed90 Exception <a 'java/lang/NoSuchMethodError'{0x00000000da02f8f0}: 'void java.lang.invoke.DirectMethodHandle$Holder.invokeInterface(java.lang.Object, java.lang.Object, java.lang.Object, int)'> (0x00000000da02f8f0) 
thrown [s\src\hotspot\share\interpreter\linkResolver.cpp, line 784]
Event: 51.423 Thread 0x0000021adbaaed90 Exception <a 'java/lang/NoSuchMethodError'{0x00000000dcdaf0b8}: 'java.lang.Object java.lang.invoke.DirectMethodHandle$Holder.invokeStatic(java.lang.Object, int, java.lang.Object, java.lang.Object)'> (0x00000000dcdaf0b8) 
thrown [s\src\hotspot\share\interpreter\linkResolver.cpp, line 784]
Event: 51.984 Thread 0x0000021adbaaed90 Exception <a 'java/lang/IncompatibleClassChangeError'{0x00000000dba6cb80}: Found class java.lang.Object, but interface was expected> (0x00000000dba6cb80) 
thrown [s\src\hotspot\share\interpreter\linkResolver.cpp, line 851]
Event: 51.984 Thread 0x0000021adbaaed90 Exception <a 'java/lang/IncompatibleClassChangeError'{0x00000000dba70c90}: Found class java.lang.Object, but interface was expected> (0x00000000dba70c90) 
thrown [s\src\hotspot\share\interpreter\linkResolver.cpp, line 851]
Event: 52.142 Thread 0x0000021adbaaed90 Exception <a 'java/lang/NoSuchMethodError'{0x00000000db5d2430}: 'void java.lang.invoke.DirectMethodHandle$Holder.invokeSpecial(java.lang.Object, java.lang.Object, int, java.lang.Object)'> (0x00000000db5d2430) 
thrown [s\src\hotspot\share\interpreter\linkResolver.cpp, line 784]
Event: 52.311 Thread 0x0000021adbaaed90 Exception <a 'java/lang/NoSuchMethodError'{0x00000000dafb5460}: 'void java.lang.invoke.DirectMethodHandle$Holder.invokeVirtual(java.lang.Object, java.lang.Object, int)'> (0x00000000dafb5460) 
thrown [s\src\hotspot\share\interpreter\linkResolver.cpp, line 784]
Event: 52.350 Thread 0x0000021adbaaed90 Exception <a 'java/lang/NoSuchMethodError'{0x00000000daed95e8}: 'int java.lang.invoke.DirectMethodHandle$Holder.invokeSpecial(java.lang.Object, java.lang.Object, java.lang.Object, int, java.lang.Object)'> (0x00000000daed95e8) 
thrown [s\src\hotspot\share\interpreter\linkResolver.cpp, line 784]
Event: 52.446 Thread 0x0000021adbaaed90 Exception <a 'java/lang/NoSuchMethodError'{0x00000000daa56970}: 'long java.lang.invoke.DirectMethodHandle$Holder.invokeStatic(java.lang.Object, java.lang.Object)'> (0x00000000daa56970) 
thrown [s\src\hotspot\share\interpreter\linkResolver.cpp, line 784]
Event: 52.728 Thread 0x0000021adbaaed90 Exception <a 'java/lang/NoSuchMethodError'{0x00000000fff83830}: 'int java.lang.invoke.DirectMethodHandle$Holder.invokeInterface(java.lang.Object, java.lang.Object, int)'> (0x00000000fff83830) 
thrown [s\src\hotspot\share\interpreter\linkResolver.cpp, line 784]
Event: 52.795 Thread 0x0000021adbaaed90 Exception <a 'java/lang/NoSuchMethodError'{0x00000000ea4f8770}: 'void java.lang.invoke.DirectMethodHandle$Holder.invokeStatic(java.lang.Object, int)'> (0x00000000ea4f8770) 
thrown [s\src\hotspot\share\interpreter\linkResolver.cpp, line 784]
Event: 53.402 Thread 0x0000021adbaaed90 Exception <a 'java/lang/NoSuchMethodError'{0x00000000dbd56608}: 'java.lang.Object java.lang.invoke.DirectMethodHandle$Holder.invokeInterface(java.lang.Object, java.lang.Object, int)'> (0x00000000dbd56608) 
thrown [s\src\hotspot\share\interpreter\linkResolver.cpp, line 784]
Event: 54.393 Thread 0x0000021adbaaed90 Exception <a 'java/lang/IncompatibleClassChangeError'{0x00000000db16b6a8}: Found class java.lang.Object, but interface was expected> (0x00000000db16b6a8) 
thrown [s\src\hotspot\share\interpreter\linkResolver.cpp, line 851]

ZGC Phase Switch (0 events):
No events

VM Operations (20 events):
Event: 53.957 Executing VM operation: HandshakeAllThreads (Deoptimize)
Event: 53.957 Executing VM operation: HandshakeAllThreads (Deoptimize) done
Event: 53.967 Executing VM operation: G1CollectForAllocation (G1 Evacuation Pause)
Event: 53.972 Executing VM operation: G1CollectForAllocation (G1 Evacuation Pause) done
Event: 54.110 Executing VM operation: HandshakeAllThreads (Deoptimize)
Event: 54.110 Executing VM operation: HandshakeAllThreads (Deoptimize) done
Event: 54.256 Executing VM operation: ICBufferFull
Event: 54.256 Executing VM operation: ICBufferFull done
Event: 54.380 Executing VM operation: HandshakeAllThreads (Deoptimize)
Event: 54.381 Executing VM operation: HandshakeAllThreads (Deoptimize) done
Event: 54.539 Executing VM operation: ICBufferFull
Event: 54.539 Executing VM operation: ICBufferFull done
Event: 54.611 Executing VM operation: G1CollectForAllocation (G1 Evacuation Pause)
Event: 54.616 Executing VM operation: G1CollectForAllocation (G1 Evacuation Pause) done
Event: 54.742 Executing VM operation: G1PauseRemark
Event: 54.751 Executing VM operation: G1PauseRemark done
Event: 54.805 Executing VM operation: G1PauseCleanup
Event: 54.805 Executing VM operation: G1PauseCleanup done
Event: 55.052 Executing VM operation: ICBufferFull
Event: 55.052 Executing VM operation: ICBufferFull done

Memory protections (0 events):
No events

Nmethod flushes (20 events):
Event: 54.749 Thread 0x0000021ad2cd6e40 flushing  nmethod 0x0000021abfcb6190
Event: 54.749 Thread 0x0000021ad2cd6e40 flushing  nmethod 0x0000021ac014e510
Event: 54.749 Thread 0x0000021ad2cd6e40 flushing  nmethod 0x0000021ac0153c90
Event: 54.749 Thread 0x0000021ad2cd6e40 flushing  nmethod 0x0000021ac68e3110
Event: 54.749 Thread 0x0000021ad2cd6e40 flushing  nmethod 0x0000021ac6b26510
Event: 54.749 Thread 0x0000021ad2cd6e40 flushing  nmethod 0x0000021ac6c65810
Event: 54.749 Thread 0x0000021ad2cd6e40 flushing  nmethod 0x0000021ac6fa2110
Event: 54.749 Thread 0x0000021ad2cd6e40 flushing  nmethod 0x0000021ac7111290
Event: 54.749 Thread 0x0000021ad2cd6e40 flushing  nmethod 0x0000021ac7188a10
Event: 54.749 Thread 0x0000021ad2cd6e40 flushing  nmethod 0x0000021abee6c390
Event: 54.749 Thread 0x0000021ad2cd6e40 flushing  nmethod 0x0000021abee6c810
Event: 54.749 Thread 0x0000021ad2cd6e40 flushing  nmethod 0x0000021abee6ef90
Event: 54.749 Thread 0x0000021ad2cd6e40 flushing  nmethod 0x0000021abeec9410
Event: 54.749 Thread 0x0000021ad2cd6e40 flushing  nmethod 0x0000021abf0f2d10
Event: 54.749 Thread 0x0000021ad2cd6e40 flushing  nmethod 0x0000021abf45a290
Event: 54.749 Thread 0x0000021ad2cd6e40 flushing  nmethod 0x0000021abf79a810
Event: 54.749 Thread 0x0000021ad2cd6e40 flushing  nmethod 0x0000021abf803e10
Event: 54.749 Thread 0x0000021ad2cd6e40 flushing  nmethod 0x0000021abf804810
Event: 54.749 Thread 0x0000021ad2cd6e40 flushing  nmethod 0x0000021abf832c90
Event: 54.749 Thread 0x0000021ad2cd6e40 flushing  nmethod 0x0000021abf99b510

Events (20 events):
Event: 50.586 Thread 0x0000021adee93840 Thread exited: 0x0000021adee93840
Event: 51.007 Thread 0x0000021adee92aa0 Thread added: 0x0000021adee93170
Event: 51.007 Thread 0x0000021adee92aa0 Thread added: 0x0000021adee901c0
Event: 51.027 Thread 0x0000021adee92aa0 Thread added: 0x0000021adee93840
Event: 51.027 Thread 0x0000021adee92aa0 Thread added: 0x0000021adee93f10
Event: 51.403 Thread 0x0000021adee93f10 Thread exited: 0x0000021adee93f10
Event: 51.409 Thread 0x0000021adee93840 Thread exited: 0x0000021adee93840
Event: 51.767 Thread 0x0000021adee901c0 Thread exited: 0x0000021adee901c0
Event: 51.767 Thread 0x0000021adee93170 Thread exited: 0x0000021adee93170
Event: 51.771 Thread 0x0000021ad2decfa0 Thread added: 0x0000021adee901c0
Event: 51.778 Thread 0x0000021ad2decfa0 Thread added: 0x0000021adee945e0
Event: 52.348 Thread 0x0000021adee945e0 Thread exited: 0x0000021adee945e0
Event: 52.348 Thread 0x0000021adee901c0 Thread exited: 0x0000021adee901c0
Event: 52.491 Thread 0x0000021adee90f60 Thread added: 0x0000021adee93170
Event: 52.528 Thread 0x0000021adee90f60 Thread added: 0x0000021adee901c0
Event: 53.430 Thread 0x0000021adee92aa0 Thread added: 0x0000021adee967f0
Event: 53.942 Thread 0x0000021adee90f60 Thread added: 0x0000021adee945e0
Event: 54.128 Thread 0x0000021adee90f60 Thread added: 0x0000021adee95380
Event: 54.157 Thread 0x0000021adee90f60 Thread added: 0x0000021adee94cb0
Event: 54.191 Thread 0x0000021adee94cb0 Thread added: 0x0000021add8433e0


Dynamic libraries:
0x00007ff62ac10000 - 0x00007ff62ac1a000 	C:\Program Files\Android\Android Studio2\jbr\bin\java.exe
0x00007ffb90c80000 - 0x00007ffb90ee7000 	C:\WINDOWS\SYSTEM32\ntdll.dll
0x00007ffb8edb0000 - 0x00007ffb8ee7b000 	C:\WINDOWS\System32\KERNEL32.DLL
0x00007ffb8e400000 - 0x00007ffb8e802000 	C:\WINDOWS\System32\KERNELBASE.dll
0x00007ffb8de80000 - 0x00007ffb8dfcc000 	C:\WINDOWS\System32\ucrtbase.dll
0x00007ffb61f60000 - 0x00007ffb61f78000 	C:\Program Files\Android\Android Studio2\jbr\bin\jli.dll
0x00007ffb61f80000 - 0x00007ffb61f9b000 	C:\Program Files\Android\Android Studio2\jbr\bin\VCRUNTIME140.dll
0x00007ffb8fb10000 - 0x00007ffb8fcdf000 	C:\WINDOWS\System32\USER32.dll
0x00007ffb8e0a0000 - 0x00007ffb8e0c7000 	C:\WINDOWS\System32\win32u.dll
0x00007ffb905f0000 - 0x00007ffb9061b000 	C:\WINDOWS\System32\GDI32.dll
0x00007ffb76380000 - 0x00007ffb76610000 	C:\WINDOWS\WinSxS\amd64_microsoft.windows.common-controls_6595b64144ccf1df_6.0.26100.9278_none_3e0d1ba8e3303201\COMCTL32.dll
0x00007ffb8e220000 - 0x00007ffb8e349000 	C:\WINDOWS\System32\gdi32full.dll
0x00007ffb8ef50000 - 0x00007ffb8eff9000 	C:\WINDOWS\System32\msvcrt.dll
0x00007ffb8e350000 - 0x00007ffb8e3f3000 	C:\WINDOWS\System32\msvcp_win.dll
0x00007ffb8fcf0000 - 0x00007ffb8fd21000 	C:\WINDOWS\System32\IMM32.DLL
0x00007ffb6a540000 - 0x00007ffb6a54c000 	C:\Program Files\Android\Android Studio2\jbr\bin\vcruntime140_1.dll
0x00007ffb61cd0000 - 0x00007ffb61d5d000 	C:\Program Files\Android\Android Studio2\jbr\bin\msvcp140.dll
0x00007ffaacd00000 - 0x00007ffaad98b000 	C:\Program Files\Android\Android Studio2\jbr\bin\server\jvm.dll
0x00007ffb8ebd0000 - 0x00007ffb8ec8c000 	C:\WINDOWS\System32\ADVAPI32.dll
0x00007ffb90b90000 - 0x00007ffb90c39000 	C:\WINDOWS\System32\sechost.dll
0x00007ffb904d0000 - 0x00007ffb905e8000 	C:\WINDOWS\System32\RPCRT4.dll
0x00007ffb90ae0000 - 0x00007ffb90b60000 	C:\WINDOWS\System32\WS2_32.dll
0x00007ffb8dce0000 - 0x00007ffb8dd3e000 	C:\WINDOWS\SYSTEM32\POWRPROF.dll
0x00007ffb824b0000 - 0x00007ffb824e6000 	C:\WINDOWS\SYSTEM32\WINMM.dll
0x00007ffb7e030000 - 0x00007ffb7e03b000 	C:\WINDOWS\SYSTEM32\VERSION.dll
0x00007ffb8dcc0000 - 0x00007ffb8dcd5000 	C:\WINDOWS\SYSTEM32\UMPDC.dll
0x00007ffb8cb50000 - 0x00007ffb8cb6b000 	C:\WINDOWS\SYSTEM32\kernel.appcore.dll
0x00007ffb6a400000 - 0x00007ffb6a40a000 	C:\Program Files\Android\Android Studio2\jbr\bin\jimage.dll
0x00007ffb8b470000 - 0x00007ffb8b6bc000 	C:\WINDOWS\SYSTEM32\DBGHELP.DLL
0x00007ffb90740000 - 0x00007ffb90ac5000 	C:\WINDOWS\System32\combase.dll
0x00007ffb8f9b0000 - 0x00007ffb8fa89000 	C:\WINDOWS\System32\OLEAUT32.dll
0x00007ffb5d300000 - 0x00007ffb5d33b000 	C:\WINDOWS\SYSTEM32\dbgcore.DLL
0x00007ffb8dfe0000 - 0x00007ffb8e08c000 	C:\WINDOWS\System32\bcryptPrimitives.dll
0x00007ffb628d0000 - 0x00007ffb628de000 	C:\Program Files\Android\Android Studio2\jbr\bin\instrument.dll
0x00007ffb61f40000 - 0x00007ffb61f60000 	C:\Program Files\Android\Android Studio2\jbr\bin\java.dll
0x00007ffb61c60000 - 0x00007ffb61c78000 	C:\Program Files\Android\Android Studio2\jbr\bin\zip.dll
0x00007ffb8fd30000 - 0x00007ffb904c8000 	C:\WINDOWS\System32\SHELL32.dll
0x00007ffb8b8b0000 - 0x00007ffb8c15e000 	C:\WINDOWS\SYSTEM32\windows.storage.dll
0x00007ffb8f240000 - 0x00007ffb8f33b000 	C:\WINDOWS\System32\SHCORE.dll
0x00007ffb8faa0000 - 0x00007ffb8fb06000 	C:\WINDOWS\System32\shlwapi.dll
0x00007ffb8dda0000 - 0x00007ffb8ddc9000 	C:\WINDOWS\SYSTEM32\profapi.dll
0x00007ffb68fe0000 - 0x00007ffb68ff0000 	C:\Program Files\Android\Android Studio2\jbr\bin\net.dll
0x00007ffb813d0000 - 0x00007ffb814fa000 	C:\WINDOWS\SYSTEM32\WINHTTP.dll
0x00007ffb8d110000 - 0x00007ffb8d17c000 	C:\WINDOWS\system32\mswsock.dll
0x00007ffb61c40000 - 0x00007ffb61c56000 	C:\Program Files\Android\Android Studio2\jbr\bin\nio.dll
0x00007ffb68790000 - 0x00007ffb687a0000 	C:\Program Files\Android\Android Studio2\jbr\bin\verify.dll
0x00007ffb61840000 - 0x00007ffb61867000 	C:\Users\manis\.gradle\native\1def1411415f61bf3af743bc5b6707747c0891f09f0c88961ee8f79bc544acac\windows-amd64\native-platform.dll
0x00007ffb5f1a0000 - 0x00007ffb5f218000 	C:\Users\manis\.gradle\native\0.2.7\x86_64-windows-gnu\gradle-fileevents.dll
0x00007ffb64ac0000 - 0x00007ffb64ac9000 	C:\Program Files\Android\Android Studio2\jbr\bin\management.dll
0x00007ffb649b0000 - 0x00007ffb649bb000 	C:\Program Files\Android\Android Studio2\jbr\bin\management_ext.dll
0x00007ffb90ad0000 - 0x00007ffb90ad8000 	C:\WINDOWS\System32\PSAPI.DLL
0x00007ffb8c520000 - 0x00007ffb8c553000 	C:\WINDOWS\SYSTEM32\IPHLPAPI.DLL
0x00007ffb8ee80000 - 0x00007ffb8ee8a000 	C:\WINDOWS\System32\NSI.dll
0x00007ffb64950000 - 0x00007ffb64959000 	C:\Program Files\Android\Android Studio2\jbr\bin\extnet.dll
0x00007ffb8d400000 - 0x00007ffb8d41b000 	C:\WINDOWS\SYSTEM32\CRYPTSP.dll
0x00007ffb8cab0000 - 0x00007ffb8cae9000 	C:\WINDOWS\system32\rsaenh.dll
0x00007ffb8d1c0000 - 0x00007ffb8d1f4000 	C:\WINDOWS\SYSTEM32\USERENV.dll
0x00007ffb8dd70000 - 0x00007ffb8dd9a000 	C:\WINDOWS\SYSTEM32\bcrypt.dll
0x00007ffb8d420000 - 0x00007ffb8d42c000 	C:\WINDOWS\SYSTEM32\CRYPTBASE.dll
0x00007ffb43550000 - 0x00007ffb43558000 	C:\WINDOWS\system32\wshunix.dll

dbghelp: loaded successfully - version: 4.0.5 - missing functions: none
symbol engine: initialized successfully - sym options: 0x614 - pdb path: .;C:\Program Files\Android\Android Studio2\jbr\bin;C:\WINDOWS\SYSTEM32;C:\WINDOWS\WinSxS\amd64_microsoft.windows.common-controls_6595b64144ccf1df_6.0.26100.9278_none_3e0d1ba8e3303201;C:\Program Files\Android\Android Studio2\jbr\bin\server;C:\Users\manis\.gradle\native\1def1411415f61bf3af743bc5b6707747c0891f09f0c88961ee8f79bc544acac\windows-amd64;C:\Users\manis\.gradle\native\0.2.7\x86_64-windows-gnu

VM Arguments:
jvm_args: --add-opens=java.base/java.lang=ALL-UNNAMED --add-opens=java.base/java.lang.invoke=ALL-UNNAMED --add-opens=java.base/java.util=ALL-UNNAMED --add-opens=java.prefs/java.util.prefs=ALL-UNNAMED --add-exports=jdk.compiler/com.sun.tools.javac.api=ALL-UNNAMED --add-exports=jdk.compiler/com.sun.tools.javac.util=ALL-UNNAMED --add-opens=java.base/java.util=ALL-UNNAMED --add-opens=java.prefs/java.util.prefs=ALL-UNNAMED --add-opens=java.base/java.nio.charset=ALL-UNNAMED --add-opens=java.base/java.net=ALL-UNNAMED --add-opens=java.base/java.util.concurrent.atomic=ALL-UNNAMED --add-opens=java.xml/javax.xml.namespace=ALL-UNNAMED -Xmx768m -Dfile.encoding=UTF-8 -Duser.country=KR -Duser.language=ko -Duser.variant -javaagent:C:\Users\manis\.gradle\wrapper\dists\gradle-8.13-bin\5xuhj0ry160q40clulazy9h7d\gradle-8.13\lib\agents\gradle-instrumentation-agent-8.13.jar 
java_command: org.gradle.launcher.daemon.bootstrap.GradleDaemon 8.13
java_class_path (initial): C:\Users\manis\.gradle\wrapper\dists\gradle-8.13-bin\5xuhj0ry160q40clulazy9h7d\gradle-8.13\lib\gradle-daemon-main-8.13.jar
Launcher Type: SUN_STANDARD

[Global flags]
     intx CICompilerCount                          = 12                                        {product} {ergonomic}
     uint ConcGCThreads                            = 3                                         {product} {ergonomic}
     uint G1ConcRefinementThreads                  = 13                                        {product} {ergonomic}
   size_t G1HeapRegionSize                         = 1048576                                   {product} {ergonomic}
    uintx GCDrainStackTargetSize                   = 64                                        {product} {ergonomic}
   size_t InitialHeapSize                          = 465567744                                 {product} {ergonomic}
   size_t MarkStackSize                            = 4194304                                   {product} {ergonomic}
   size_t MaxHeapSize                              = 805306368                                 {product} {command line}
   size_t MaxNewSize                               = 482344960                                 {product} {ergonomic}
   size_t MinHeapDeltaBytes                        = 1048576                                   {product} {ergonomic}
   size_t MinHeapSize                              = 8388608                                   {product} {ergonomic}
    uintx NonNMethodCodeHeapSize                   = 7602480                                {pd product} {ergonomic}
    uintx NonProfiledCodeHeapSize                  = 122027880                              {pd product} {ergonomic}
    uintx ProfiledCodeHeapSize                     = 122027880                              {pd product} {ergonomic}
    uintx ReservedCodeCacheSize                    = 251658240                              {pd product} {ergonomic}
     bool SegmentedCodeCache                       = true                                      {product} {ergonomic}
   size_t SoftMaxHeapSize                          = 805306368                              {manageable} {ergonomic}
     bool UseCompressedOops                        = true                           {product lp64_product} {ergonomic}
     bool UseG1GC                                  = true                                      {product} {ergonomic}
     bool UseLargePagesIndividualAllocation        = false                                  {pd product} {ergonomic}

Logging:
Log output configuration:
 #0: stdout all=warning uptime,level,tags foldmultilines=false
 #1: stderr all=off uptime,level,tags foldmultilines=false

Environment Variables:
JAVA_HOME=C:\Program Files\Android\Android Studio2\jbr
CLASSPATH=C:\Users\manis\Kotlin_project\ScreenTimeManager\\gradle\wrapper\gradle-wrapper.jar
PATH=C:\Users\manis\.cache\codex-runtimes\codex-primary-runtime\dependencies\native\powershell;C:\Users\manis\.codex\tmp\arg0\codex-arg01X0qV4;C:\Users\manis\.cache\codex-runtimes\codex-primary-runtime\dependencies\native\libheif\libheif\bin;C:\Users\manis\.cache\codex-runtimes\codex-primary-runtime\dependencies\native\jxrlib\jxrlib\bin;C:\Users\manis\.cache\codex-runtimes\codex-primary-runtime\dependencies\native\poppler\Library\bin;C:\Users\manis\.cache\codex-runtimes\codex-primary-runtime\dependencies\bin\override;C:\WINDOWS\system32;C:\WINDOWS;C:\WINDOWS\System32\Wbem;C:\WINDOWS\System32\WindowsPowerShell\v1.0\;C:\WINDOWS\System32\OpenSSH\;C:\Program Files\Git\cmd;C:\Program Files\nodejs\;C:\Program Files (x86)\ePapyrus\Papyrus-PlugIn-web;C:\Program Files (x86)\ePapyrus\Papyrus-PlugIn-web\Addins;C:\Program Files\Android\Android Studio\jbr\bin;C:\Program Files\dotnet\;C:\Program Files\Android\Android Studio2\jbr\bin;C:\Program Files (x86)\Windows Kits\10\Windows Performance Toolkit\;C:\Users\manis\AppData\Local\Programs\Python\Python312\Scripts\;C:\Users\manis\AppData\Local\Programs\Python\Python312\;C:\Users\manis\AppData\Local\Programs\Python\Launcher\;C:\Users\manis\.cache\codex-runtimes\codex-primary-runtime\dependencies\native\powershell;C:\Users\manis\AppData\Local\Microsoft\WindowsApps;C:\Users\manis\AppData\Local\Programs\Microsoft VS Code\bin;C:\flutter\bin;C:\Users\manis\AppData\Local\Pub\Cache\bin;C:\Users\manis\AppData\Roaming\npm;C:\Users\manis\AppData\Local\Programs\Ollama;C:\Users\manis\.dotnet\tools;C:\Users\manis\AppData\Local\Programs\Antigravity\bin;C:\Users\manis\.cache\codex-runtimes\codex-primary-runtime\dependencies\bin\fallback;C:\Users\manis\.cache\codex-runtimes\codex-primary-runtime\dependencies\node\bin;C:\Users\manis\.cache\codex-runtimes\codex-primary-runtime\dependencies\native\git\cmd;C:\Users\manis\AppData\Local\OpenAI\Codex\bin\116cfc4fd47f015a;C:\Users\manis\AppData\Local\OpenAI\Codex\bin\bffc5354119c8421
USERNAME=manis
LANG=C.UTF-8
LC_ALL=C.UTF-8
LC_CTYPE=C.UTF-8
TERM=dumb
OS=Windows_NT
PROCESSOR_IDENTIFIER=AMD64 Family 25 Model 68 Stepping 1, AuthenticAMD
TMP=C:\Users\manis\AppData\Local\Temp
TEMP=C:\Users\manis\AppData\Local\Temp




Periodic native trim disabled

JNI global refs:
JNI global refs: 44, weak refs: 26

JNI global refs memory usage: 835, weak refs: 833

Process memory usage:
Resident Set Size: 686992K (2% of 29037512K total physical memory with 16150968K free physical memory)

OOME stack traces (most recent first):
Classloader memory used:
Loader org.gradle.internal.classloader.VisitableURLClassLoader$InstrumentingVisitableURLClassLoader: 51845K
Loader org.gradle.internal.classloader.VisitableURLClassLoader                         : 42530K
Loader bootstrap                                                                       : 29527K
Loader org.gradle.initialization.MixInLegacyTypesClassLoader                           : 11996K
Loader jdk.internal.loader.ClassLoaders$PlatformClassLoader                            : 555K
Loader jdk.internal.reflect.DelegatingClassLoader                                      : 292K
Loader org.gradle.internal.classloader.VisitableURLClassLoader                         : 285K
Loader jdk.internal.loader.ClassLoaders$AppClassLoader                                 : 235K

Classes loaded by more than one classloader:
Class Program                                                                         : loaded 5 times (x 68B)
Class Build_gradle                                                                    : loaded 3 times (x 126B)
Class Build_gradle$1                                                                  : loaded 3 times (x 71B)
Class org.gradle.internal.classloader.FilteringClassLoader                            : loaded 2 times (x 101B)
Class com.google.common.base.CharMatcher$IsEither                                     : loaded 2 times (x 107B)
Class org.gradle.internal.classloader.ClassLoaderHierarchy                            : loaded 2 times (x 66B)
Class com.google.common.collect.ImmutableEnumSet                                      : loaded 2 times (x 142B)
Class com.google.common.util.concurrent.ExecutionError                                : loaded 2 times (x 78B)
Class com.google.common.collect.ImmutableList$1                                       : loaded 2 times (x 93B)
Class org.gradle.api.internal.classpath.ManifestUtil                                  : loaded 2 times (x 67B)
Class com.google.common.collect.RegularImmutableMap                                   : loaded 2 times (x 117B)
Class com.google.common.collect.ImmutableMap$MapViewOfValuesAsSingletonSets           : loaded 2 times (x 122B)
Class [Lorg.objectweb.asm.Symbol;                                                     : loaded 2 times (x 65B)
Class org.objectweb.asm.ClassVisitor                                                  : loaded 2 times (x 84B)
Class com.google.common.collect.UnmodifiableListIterator                              : loaded 2 times (x 91B)
Class com.google.common.base.Platform$JdkPatternCompiler                              : loaded 2 times (x 71B)
Class org.objectweb.asm.MethodTooLargeException                                       : loaded 2 times (x 79B)
Class [Lcom.google.common.cache.CacheBuilder$OneWeigher;                              : loaded 2 times (x 65B)
Class com.google.common.base.Suppliers                                                : loaded 2 times (x 67B)
Class org.gradle.internal.classloader.DefaultClassLoaderFactory                       : loaded 2 times (x 78B)
Class org.gradle.internal.classloader.ClassLoaderVisitor                              : loaded 2 times (x 72B)
Class [Lcom.google.common.collect.ImmutableMapEntry;                                  : loaded 2 times (x 65B)
Class org.gradle.api.internal.classpath.EffectiveClassPath                            : loaded 2 times (x 86B)
Class com.google.common.collect.ImmutableRangeSet                                     : loaded 2 times (x 111B)
Class com.google.common.collect.ListMultimap                                          : loaded 2 times (x 66B)
Class com.google.common.collect.ImmutableEnumMap                                      : loaded 2 times (x 122B)
Class com.google.common.collect.Sets$1                                                : loaded 2 times (x 135B)
Class org.objectweb.asm.AnnotationVisitor                                             : loaded 2 times (x 74B)
Class org.gradle.api.internal.DefaultClassPathProvider                                : loaded 2 times (x 72B)
Class com.google.common.collect.Sets$2                                                : loaded 2 times (x 135B)
Class [Lorg.gradle.api.internal.ClassPathProvider;                                    : loaded 2 times (x 65B)
Class org.gradle.api.internal.ClassPathProvider                                       : loaded 2 times (x 66B)
Class [Lorg.objectweb.asm.AnnotationVisitor;                                          : loaded 2 times (x 65B)
Class com.google.common.collect.Sets$3                                                : loaded 2 times (x 135B)
Class com.google.common.util.concurrent.AbstractFuture$SafeAtomicHelper               : loaded 2 times (x 75B)
Class com.google.common.cache.LocalCache$LocalLoadingCache                            : loaded 2 times (x 130B)
Class org.gradle.internal.service.UnknownServiceException                             : loaded 2 times (x 79B)
Class com.google.common.collect.Sets$4                                                : loaded 2 times (x 135B)
Class org.objectweb.asm.ModuleVisitor                                                 : loaded 2 times (x 77B)
Class com.google.common.cache.LocalCache$Strength$1                                   : loaded 2 times (x 77B)
Class com.google.common.util.concurrent.SettableFuture                                : loaded 2 times (x 110B)
Class com.google.common.cache.LocalCache$Strength$2                                   : loaded 2 times (x 77B)
Class com.google.common.cache.LocalCache$Strength$3                                   : loaded 2 times (x 77B)
Class com.google.common.collect.MapDifference                                         : loaded 2 times (x 66B)
Class org.objectweb.asm.FieldWriter                                                   : loaded 2 times (x 74B)
Class com.google.common.cache.CacheBuilder$NullListener                               : loaded 2 times (x 78B)
Class org.gradle.internal.classpath.TransformedClassPath                              : loaded 2 times (x 92B)
Class org.gradle.internal.classloader.InstrumentingClassLoader                        : loaded 2 times (x 66B)
Class com.google.common.collect.ImmutableRangeSet$AsSet                               : loaded 2 times (x 296B)
Class com.google.common.cache.CacheLoader$FunctionToCacheLoader                       : loaded 2 times (x 71B)
Class com.google.common.collect.Iterators$ArrayItr                                    : loaded 2 times (x 93B)
Class com.google.common.collect.ImmutableCollection$Builder                           : loaded 2 times (x 72B)
Class com.google.common.base.Joiner                                                   : loaded 2 times (x 75B)
Class com.google.common.base.MoreObjects                                              : loaded 2 times (x 67B)
Class com.google.common.collect.Platform                                              : loaded 2 times (x 67B)
Class [Lorg.objectweb.asm.Type;                                                       : loaded 2 times (x 65B)
Class com.google.common.collect.UnmodifiableIterator                                  : loaded 2 times (x 76B)
Class org.gradle.internal.service.ServiceLocator                                      : loaded 2 times (x 66B)
Class com.google.common.collect.SingletonImmutableBiMap                               : loaded 2 times (x 139B)
Class com.google.common.base.Ascii                                                    : loaded 2 times (x 67B)
Class com.google.common.cache.LocalCache$1                                            : loaded 2 times (x 85B)
Class com.google.common.collect.AbstractMapEntry                                      : loaded 2 times (x 77B)
Class com.google.common.collect.Sets$ImprovedAbstractSet                              : loaded 2 times (x 131B)
Class com.google.common.collect.ImmutableList$Builder                                 : loaded 2 times (x 73B)
Class com.google.common.collect.AbstractMultimap                                      : loaded 2 times (x 119B)
Class com.google.common.cache.LocalCache$2                                            : loaded 2 times (x 138B)
Class com.google.common.collect.ImmutableRangeSet$1                                   : loaded 2 times (x 206B)
Class com.google.common.util.concurrent.AbstractFuture$UnsafeAtomicHelper$1           : loaded 2 times (x 72B)
Class com.google.common.collect.RegularImmutableAsList                                : loaded 2 times (x 213B)
Class com.google.common.collect.Range                                                 : loaded 2 times (x 83B)
Class com.google.common.util.concurrent.AbstractFuture$Trusted                        : loaded 2 times (x 66B)
Class com.google.common.collect.Iterators                                             : loaded 2 times (x 67B)
Class com.google.common.collect.Lists$StringAsImmutableList                           : loaded 2 times (x 203B)
Class com.google.common.util.concurrent.UncheckedExecutionException                   : loaded 2 times (x 78B)
Class org.gradle.kotlin.dsl.VersionCatalogAccessorsKt                                 : loaded 2 times (x 67B)
Class org.gradle.internal.InternalTransformer                                         : loaded 2 times (x 66B)
Class com.google.common.collect.AbstractMapBasedMultimap$KeySet$1                     : loaded 2 times (x 78B)
Class org.objectweb.asm.ClassWriter                                                   : loaded 2 times (x 102B)
Class com.google.common.base.CharMatcher$And                                          : loaded 2 times (x 108B)
Class com.google.common.cache.CacheLoader$UnsupportedLoadingOperationException        : loaded 2 times (x 78B)
Class org.gradle.internal.classloader.ClasspathUtil$1                                 : loaded 2 times (x 72B)
Class com.google.common.base.Objects                                                  : loaded 2 times (x 67B)
Class org.objectweb.asm.FieldVisitor                                                  : loaded 2 times (x 73B)
Class com.google.common.collect.IndexedImmutableSet                                   : loaded 2 times (x 148B)
Class com.google.common.collect.ImmutableMap$1                                        : loaded 2 times (x 77B)
Class com.google.common.collect.BiMap                                                 : loaded 2 times (x 66B)
Class org.gradle.api.internal.classpath.DefaultModuleRegistry$DefaultModule           : loaded 2 times (x 82B)
Class com.google.common.primitives.Ints                                               : loaded 2 times (x 67B)
Class com.google.common.collect.AbstractIterator                                      : loaded 2 times (x 78B)
Class com.google.common.collect.ObjectArrays                                          : loaded 2 times (x 67B)
Class com.google.common.collect.Multiset                                              : loaded 2 times (x 66B)
Class com.google.common.collect.ArrayListMultimapGwtSerializationDependencies         : loaded 2 times (x 168B)
Class com.google.common.collect.RegularImmutableMap$KeySet                            : loaded 2 times (x 148B)
Class com.google.common.math.MathPreconditions                                        : loaded 2 times (x 67B)
Class com.google.common.collect.ImmutableMapEntrySet                                  : loaded 2 times (x 148B)
Class org.gradle.api.internal.classpath.Module                                        : loaded 2 times (x 66B)
Class com.google.common.cache.Weigher                                                 : loaded 2 times (x 66B)
Class org.gradle.api.internal.classpath.UnknownModuleException                        : loaded 2 times (x 78B)
Class com.google.common.base.Stopwatch                                                : loaded 2 times (x 68B)
Class com.google.common.cache.LocalCache$Strength                                     : loaded 2 times (x 77B)
Class com.google.common.cache.Cache                                                   : loaded 2 times (x 66B)
Class com.google.common.base.NullnessCasts                                            : loaded 2 times (x 67B)
Class com.google.common.util.concurrent.AbstractFuture$Cancellation                   : loaded 2 times (x 68B)
Class com.google.common.collect.ImmutableMap$Builder                                  : loaded 2 times (x 78B)
Class com.google.common.cache.RemovalListener                                         : loaded 2 times (x 66B)
Class org.gradle.api.internal.DefaultClassPathRegistry                                : loaded 2 times (x 72B)
Class com.google.common.primitives.IntsMethodsForWeb                                  : loaded 2 times (x 67B)
Class com.google.common.collect.Multimap                                              : loaded 2 times (x 66B)
Class org.gradle.api.internal.ClassPathRegistry                                       : loaded 2 times (x 66B)
Class org.gradle.internal.classpath.DefaultClassPath$ImmutableUniqueList              : loaded 2 times (x 195B)
Class com.google.common.base.ExtraObjectsMethodsForWeb                                : loaded 2 times (x 67B)
Class com.google.common.base.Equivalence$Identity                                     : loaded 2 times (x 78B)
Class com.google.common.cache.CacheBuilder                                            : loaded 2 times (x 68B)
Class com.google.common.collect.SingletonImmutableList                                : loaded 2 times (x 203B)
Class Settings_gradle$1                                                               : loaded 2 times (x 70B)
Class org.gradle.internal.classpath.ClassPath                                         : loaded 2 times (x 66B)
Class org.gradle.api.UncheckedIOException                                             : loaded 2 times (x 78B)
Class com.google.common.base.JdkPattern                                               : loaded 2 times (x 71B)
Class com.google.common.collect.ImmutableList$ReverseImmutableList                    : loaded 2 times (x 205B)
Class org.objectweb.asm.SymbolTable$Entry                                             : loaded 2 times (x 70B)
Class com.google.common.util.concurrent.AbstractFuture$AtomicHelper                   : loaded 2 times (x 74B)
Class org.objectweb.asm.Edge                                                          : loaded 2 times (x 68B)
Class com.google.common.base.Suppliers$SupplierOfInstance                             : loaded 2 times (x 75B)
Class com.google.common.collect.Iterators$1                                           : loaded 2 times (x 77B)
Class com.google.common.cache.LocalCache$ComputingValueReference                      : loaded 2 times (x 92B)
Class com.google.common.collect.SingletonImmutableSet                                 : loaded 2 times (x 142B)
Class com.google.common.collect.ImmutableMap$IteratorBasedImmutableMap                : loaded 2 times (x 122B)
Class com.google.common.cache.LocalCache$Segment                                      : loaded 2 times (x 150B)
Class com.google.common.collect.SortedIterable                                        : loaded 2 times (x 66B)
Class com.google.common.collect.AbstractListMultimap                                  : loaded 2 times (x 168B)
Class [Lorg.objectweb.asm.SymbolTable$Entry;                                          : loaded 2 times (x 65B)
Class com.google.common.cache.CacheLoader                                             : loaded 2 times (x 70B)
Class com.google.common.collect.Iterators$4                                           : loaded 2 times (x 78B)
Class com.google.common.collect.ImmutableBiMap                                        : loaded 2 times (x 139B)
Class org.gradle.internal.installation.GradleInstallation$1                           : loaded 2 times (x 71B)
Class org.gradle.api.internal.classpath.ModuleRegistry                                : loaded 2 times (x 66B)
Class com.google.common.util.concurrent.internal.InternalFutureFailureAccess          : loaded 2 times (x 68B)
Class com.google.common.collect.Iterators$5                                           : loaded 2 times (x 78B)
Class com.google.common.collect.ImmutableSet$JdkBackedSetBuilderImpl                  : loaded 2 times (x 72B)
Class com.google.common.util.concurrent.AbstractFuture$UnsafeAtomicHelper             : loaded 2 times (x 74B)
Class com.google.common.base.CharMatcher$ForPredicate                                 : loaded 2 times (x 108B)
Class com.google.common.cache.LocalCache$LocalManualCache$1                           : loaded 2 times (x 71B)
Class com.google.common.base.CharMatcher$AnyOf                                        : loaded 2 times (x 108B)
Class com.google.common.collect.ImmutableCollection                                   : loaded 2 times (x 121B)
Class org.gradle.api.internal.classpath.DefaultModuleRegistry                         : loaded 2 times (x 82B)
Class com.google.common.collect.Lists                                                 : loaded 2 times (x 67B)
Class com.google.common.util.concurrent.ListenableFuture                              : loaded 2 times (x 66B)
Class com.google.common.cache.ReferenceEntry                                          : loaded 2 times (x 66B)
Class com.google.common.base.Converter                                                : loaded 2 times (x 86B)
Class com.google.common.collect.ImmutableSet$CachingAsList                            : loaded 2 times (x 144B)
Class com.google.common.collect.AbstractMapBasedMultimap                              : loaded 2 times (x 135B)
Class com.google.common.util.concurrent.AbstractFuture                                : loaded 2 times (x 102B)
Class com.google.common.base.FunctionalEquivalence                                    : loaded 2 times (x 79B)
Class com.google.common.collect.Iterators$9                                           : loaded 2 times (x 77B)
Class com.google.common.collect.ImmutableAsList                                       : loaded 2 times (x 205B)
Class org.objectweb.asm.RecordComponentVisitor                                        : loaded 2 times (x 73B)
Class com.google.common.cache.CacheLoader$SupplierToCacheLoader                       : loaded 2 times (x 71B)
Class com.google.common.collect.Maps$EntryTransformer                                 : loaded 2 times (x 66B)
Class org.gradle.internal.service.ServiceLookupException                              : loaded 2 times (x 78B)
Class com.google.common.collect.ImmutableSortedSet                                    : loaded 2 times (x 296B)
Class [Lcom.google.common.cache.LocalCache$EntryFactory;                              : loaded 2 times (x 65B)
Class org.gradle.internal.classloader.ClassLoaderFactory                              : loaded 2 times (x 66B)
Class com.google.common.base.CommonPattern                                            : loaded 2 times (x 70B)
Class com.google.common.base.CharMatcher$IsNot                                        : loaded 2 times (x 107B)
Class com.google.common.cache.LocalCache$LocalManualCache                             : loaded 2 times (x 95B)
Class org.gradle.internal.service.CachingServiceLocator                               : loaded 2 times (x 78B)
Class com.google.common.collect.AbstractMapBasedMultimap$KeySet                       : loaded 2 times (x 133B)
Class com.google.common.collect.RegularImmutableSortedSet                             : loaded 2 times (x 296B)
Class com.google.common.math.IntMath                                                  : loaded 2 times (x 67B)
Class com.google.common.collect.ImmutableMapEntry                                     : loaded 2 times (x 81B)
Class com.google.common.base.Equivalence                                              : loaded 2 times (x 78B)
Class com.google.common.base.Function                                                 : loaded 2 times (x 66B)
Class com.google.common.collect.ImmutableMapEntry$NonTerminalImmutableMapEntry        : loaded 2 times (x 81B)
Class com.google.common.collect.IndexedImmutableSet$1                                 : loaded 2 times (x 209B)
Class com.google.common.cache.CacheBuilder$OneWeigher                                 : loaded 2 times (x 78B)
Class com.google.common.collect.RegularImmutableList                                  : loaded 2 times (x 209B)
Class org.gradle.internal.classloader.ClasspathUtil                                   : loaded 2 times (x 67B)
Class com.google.common.base.Charsets                                                 : loaded 2 times (x 67B)
Class com.google.common.util.concurrent.Uninterruptibles                              : loaded 2 times (x 67B)
Class com.google.common.collect.Maps                                                  : loaded 2 times (x 67B)
Class org.gradle.api.specs.Spec                                                       : loaded 2 times (x 66B)
Class [Lcom.google.common.collect.ImmutableEntry;                                     : loaded 2 times (x 65B)
Class com.google.common.cache.LocalCache$LoadingValueReference                        : loaded 2 times (x 92B)
Class com.google.common.collect.AbstractIndexedListIterator                           : loaded 2 times (x 92B)
Class com.google.common.base.Platform                                                 : loaded 2 times (x 67B)
Class [Lorg.objectweb.asm.AnnotationWriter;                                           : loaded 2 times (x 65B)
Class com.google.common.collect.Maps$8                                                : loaded 2 times (x 78B)
Class com.google.common.collect.ImmutableRangeSet$Builder                             : loaded 2 times (x 73B)
Class com.google.common.collect.Sets$SetView                                          : loaded 2 times (x 134B)
Class com.google.common.cache.LocalCache$StrongValueReference                         : loaded 2 times (x 86B)
Class com.google.common.util.concurrent.AbstractFuture$SynchronizedHelper             : loaded 2 times (x 74B)
Class org.objectweb.asm.Type                                                          : loaded 2 times (x 68B)
Class org.gradle.internal.classloader.VisitableURLClassLoader$InstrumentingVisitableURLClassLoader: loaded 2 times (x 119B)
Class org.objectweb.asm.ByteVector                                                    : loaded 2 times (x 75B)
Class [Lcom.google.common.cache.CacheBuilder$NullListener;                            : loaded 2 times (x 65B)
Class com.google.common.math.IntMath$1                                                : loaded 2 times (x 67B)
Class org.gradle.internal.classloader.VisitableURLClassLoader$Spec                    : loaded 2 times (x 70B)
Class org.gradle.internal.classpath.DefaultClassPath                                  : loaded 2 times (x 86B)
Class org.objectweb.asm.Symbol                                                        : loaded 2 times (x 69B)
Class com.google.common.io.Closer                                                     : loaded 2 times (x 74B)
Class com.google.common.base.CharMatcher$Ascii                                        : loaded 2 times (x 108B)
Class com.google.common.base.CharMatcher$BitSetMatcher                                : loaded 2 times (x 108B)
Class com.google.common.collect.RegularImmutableMap$Values                            : loaded 2 times (x 203B)
Class com.google.common.collect.ImmutableSet                                          : loaded 2 times (x 141B)
Class org.gradle.internal.classloader.ClassLoaderSpec                                 : loaded 2 times (x 67B)
Class org.objectweb.asm.AnnotationWriter                                              : loaded 2 times (x 75B)
Class com.google.common.cache.CacheStats                                              : loaded 2 times (x 67B)
Class com.google.common.io.Closer$Suppressor                                          : loaded 2 times (x 66B)
Class org.objectweb.asm.RecordComponentWriter                                         : loaded 2 times (x 74B)
Class com.google.common.util.concurrent.AbstractFuture$Listener                       : loaded 2 times (x 68B)
Class com.google.common.base.CharMatcher$Or                                           : loaded 2 times (x 108B)
Class Settings_gradle$1$1                                                             : loaded 2 times (x 70B)
Class org.objectweb.asm.Attribute                                                     : loaded 2 times (x 73B)
Class com.google.common.base.Supplier                                                 : loaded 2 times (x 66B)
Class org.gradle.internal.classloader.VisitableURLClassLoader                         : loaded 2 times (x 113B)
Class com.google.common.util.concurrent.AbstractFuture$Waiter                         : loaded 2 times (x 68B)
Class Settings_gradle                                                                 : loaded 2 times (x 124B)
Class org.gradle.internal.Cast                                                        : loaded 2 times (x 67B)
Class org.gradle.api.Action                                                           : loaded 2 times (x 66B)
Class com.google.common.base.Strings                                                  : loaded 2 times (x 67B)
Class com.google.common.collect.Sets                                                  : loaded 2 times (x 67B)
Class org.objectweb.asm.Handler                                                       : loaded 2 times (x 68B)
Class com.google.common.base.CharMatcher$FastMatcher                                  : loaded 2 times (x 107B)
Class com.google.common.base.Ticker                                                   : loaded 2 times (x 68B)
Class [Lcom.google.common.cache.LocalCache$Segment;                                   : loaded 2 times (x 65B)
Class com.google.common.base.Predicate                                                : loaded 2 times (x 66B)
Class [Lcom.google.common.cache.LocalCache$Strength;                                  : loaded 2 times (x 65B)
Class com.google.common.cache.CacheBuilder$1                                          : loaded 2 times (x 81B)
Class com.google.common.collect.ImmutableMap                                          : loaded 2 times (x 116B)
Class org.gradle.internal.classpath.DefaultClassPath$ImmutableUniqueList$Builder      : loaded 2 times (x 71B)
Class com.google.common.collect.AbstractRangeSet                                      : loaded 2 times (x 110B)
Class com.google.common.base.CharMatcher$NegatedFastMatcher                           : loaded 2 times (x 109B)
Class com.google.common.cache.LocalCache                                              : loaded 2 times (x 183B)
Class com.google.common.cache.CacheBuilder$2                                          : loaded 2 times (x 75B)
Class com.google.common.collect.ArrayListMultimap                                     : loaded 2 times (x 168B)
Class com.google.common.cache.CacheBuilder$3                                          : loaded 2 times (x 68B)
Class [Lcom.google.common.collect.AbstractMapEntry;                                   : loaded 2 times (x 65B)
Class com.google.common.collect.ImmutableEntry                                        : loaded 2 times (x 78B)
Class org.gradle.api.GradleException                                                  : loaded 2 times (x 78B)
Class com.google.common.base.Suppliers$MemoizingSupplier                              : loaded 2 times (x 75B)
Class com.google.common.collect.CollectPreconditions                                  : loaded 2 times (x 67B)
Class com.google.common.collect.SortedMapDifference                                   : loaded 2 times (x 66B)
Class com.google.common.cache.LocalCache$EntryFactory                                 : loaded 2 times (x 79B)
Class com.google.common.cache.LocalCache$AbstractReferenceEntry                       : loaded 2 times (x 103B)
Class org.gradle.internal.IoActions                                                   : loaded 2 times (x 67B)
Class com.google.common.collect.ImmutableRangeSet$ComplementRanges                    : loaded 2 times (x 203B)
Class org.objectweb.asm.SymbolTable                                                   : loaded 2 times (x 68B)
Class com.google.common.cache.CacheLoader$InvalidCacheLoadException                   : loaded 2 times (x 78B)
Class com.google.common.collect.ImmutableSet$RegularSetBuilderImpl                    : loaded 2 times (x 73B)
Class org.gradle.internal.classloader.SystemClassLoaderSpec                           : loaded 2 times (x 67B)
Class com.google.common.cache.LocalCache$StrongEntry                                  : loaded 2 times (x 104B)
Class com.google.common.util.concurrent.AbstractFuture$TrustedFuture                  : loaded 2 times (x 110B)
Class com.google.common.cache.LoadingCache                                            : loaded 2 times (x 66B)
Class com.google.common.base.Suppliers$NonSerializableMemoizingSupplier               : loaded 2 times (x 75B)
Class org.objectweb.asm.MethodWriter                                                  : loaded 2 times (x 102B)
Class [Lcom.google.common.cache.Weigher;                                              : loaded 2 times (x 65B)
Class com.google.common.collect.RegularImmutableMap$BucketOverflowException           : loaded 2 times (x 78B)
Class com.google.common.collect.RegularImmutableBiMap                                 : loaded 2 times (x 145B)
Class com.google.common.base.CharMatcher$Negated                                      : loaded 2 times (x 109B)
Class com.google.common.base.CharMatcher$Is                                           : loaded 2 times (x 107B)
Class com.google.common.cache.LocalCache$ValueReference                               : loaded 2 times (x 66B)
Class com.google.common.hash.PrimitiveSink                                            : loaded 2 times (x 66B)
Class com.google.common.base.PatternCompiler                                          : loaded 2 times (x 66B)
Class com.google.common.util.concurrent.AbstractFuture$Failure                        : loaded 2 times (x 68B)
Class com.google.common.base.Equivalence$Equals                                       : loaded 2 times (x 78B)
Class com.google.common.collect.Hashing                                               : loaded 2 times (x 67B)
Class com.google.common.base.Preconditions                                            : loaded 2 times (x 67B)
Class com.google.common.base.Joiner$1                                                 : loaded 2 times (x 76B)
Class org.objectweb.asm.Label                                                         : loaded 2 times (x 69B)
Class org.objectweb.asm.CurrentFrame                                                  : loaded 2 times (x 69B)
Class org.objectweb.asm.ClassTooLargeException                                        : loaded 2 times (x 79B)
Class com.google.common.base.CharMatcher                                              : loaded 2 times (x 107B)
Class com.google.common.collect.PeekingIterator                                       : loaded 2 times (x 66B)
Class com.google.common.collect.Maps$IteratorBasedAbstractMap                         : loaded 2 times (x 121B)
Class com.google.common.collect.RangeGwtSerializationDependencies                     : loaded 2 times (x 67B)
Class com.google.common.base.Joiner$2                                                 : loaded 2 times (x 75B)
Class org.objectweb.asm.Frame                                                         : loaded 2 times (x 69B)
Class org.objectweb.asm.MethodVisitor                                                 : loaded 2 times (x 101B)
Class com.google.common.base.CharMatcher$NamedFastMatcher                             : loaded 2 times (x 108B)
Class com.google.common.base.CharMatcher$1                                            : loaded 2 times (x 109B)
Class com.google.common.cache.LocalCache$EntryFactory$1                               : loaded 2 times (x 79B)
Class [Lcom.google.common.cache.RemovalListener;                                      : loaded 2 times (x 65B)
Class com.google.common.collect.RangeSet                                              : loaded 2 times (x 66B)
Class com.google.common.cache.LocalCache$EntryFactory$2                               : loaded 2 times (x 79B)
Class org.gradle.api.internal.classpath.GlobalCacheRootsProvider                      : loaded 2 times (x 66B)
Class com.google.common.collect.CollectCollectors                                     : loaded 2 times (x 67B)
Class org.objectweb.asm.ModuleWriter                                                  : loaded 2 times (x 78B)
Class com.google.common.cache.LocalCache$EntryFactory$3                               : loaded 2 times (x 79B)
Class com.google.common.base.Ticker$1                                                 : loaded 2 times (x 68B)
Class com.google.common.collect.Maps$BiMapConverter                                   : loaded 2 times (x 86B)
Class com.google.common.collect.ImmutableMapEntrySet$RegularEntrySet                  : loaded 2 times (x 148B)
Class com.google.common.base.CharMatcher$InRange                                      : loaded 2 times (x 107B)
Class com.google.common.cache.LocalCache$EntryFactory$4                               : loaded 2 times (x 79B)
Class com.google.common.collect.ImmutableSet$Builder                                  : loaded 2 times (x 81B)
Class com.google.common.cache.LocalCache$EntryFactory$5                               : loaded 2 times (x 79B)
Class com.google.common.base.PairwiseEquivalence                                      : loaded 2 times (x 79B)
Class com.google.common.cache.LocalCache$EntryFactory$6                               : loaded 2 times (x 79B)
Class org.gradle.internal.installation.CurrentGradleInstallationLocator               : loaded 2 times (x 67B)
Class com.google.common.collect.Maps$KeySet                                           : loaded 2 times (x 133B)
Class com.google.common.cache.LocalCache$EntryFactory$7                               : loaded 2 times (x 79B)
Class com.google.common.collect.ImmutableSet$EmptySetBuilderImpl                      : loaded 2 times (x 72B)
Class com.google.common.collect.ImmutableList                                         : loaded 2 times (x 202B)
Class org.gradle.internal.service.DefaultServiceLocator                               : loaded 2 times (x 79B)
Class com.google.common.cache.LocalCache$EntryFactory$8                               : loaded 2 times (x 79B)
Class com.google.common.collect.ImmutableSet$SetBuilderImpl                           : loaded 2 times (x 72B)
Class org.gradle.internal.installation.CurrentGradleInstallation                      : loaded 2 times (x 69B)
Class com.google.common.cache.CacheLoader$1                                           : loaded 2 times (x 71B)
Class com.google.common.collect.ImmutableList$SubList                                 : loaded 2 times (x 205B)
Class org.gradle.util.internal.GUtil                                                  : loaded 2 times (x 67B)
Class com.google.common.util.concurrent.AbstractFuture$SetFuture                      : loaded 2 times (x 71B)
Class com.google.common.cache.AbstractCache$StatsCounter                              : loaded 2 times (x 66B)
Class com.google.common.collect.Iterators$MergingIterator                             : loaded 2 times (x 77B)
Class com.google.common.collect.RegularImmutableSet                                   : loaded 2 times (x 145B)
Class org.gradle.internal.installation.GradleInstallation                             : loaded 2 times (x 71B)
Class com.google.common.collect.Iterables                                             : loaded 2 times (x 67B)

---------------  S Y S T E M  ---------------

OS:
 Windows 11 , 64 bit Build 26100 (10.0.26100.9444)
OS uptime: 0 days 5:55 hours
Hyper-V role detected

CPU: total 16 (initial active 16) (16 cores per cpu, 2 threads per core) family 25 model 68 stepping 1 microcode 0xa404107, cx8, cmov, fxsr, ht, mmx, 3dnowpref, sse, sse2, sse3, ssse3, sse4a, sse4.1, sse4.2, popcnt, lzcnt, tsc, tscinvbit, avx, avx2, aes, erms, clmul, bmi1, bmi2, adx, sha, fma, vzeroupper, clflush, clflushopt, hv, rdtscp, rdpid, fsrm, f16c, cet_ss
Processor Information for processor 0
  Max Mhz: 3201, Current Mhz: 2502, Mhz Limit: 3201
Processor Information for processor 1
  Max Mhz: 3201, Current Mhz: 2502, Mhz Limit: 3201
Processor Information for processor 2
  Max Mhz: 3201, Current Mhz: 2502, Mhz Limit: 3201
Processor Information for processor 3
  Max Mhz: 3201, Current Mhz: 1978, Mhz Limit: 3201
Processor Information for processor 4
  Max Mhz: 3201, Current Mhz: 2502, Mhz Limit: 3201
Processor Information for processor 5
  Max Mhz: 3201, Current Mhz: 2502, Mhz Limit: 3201
Processor Information for processor 6
  Max Mhz: 3201, Current Mhz: 1978, Mhz Limit: 3201
Processor Information for processor 7
  Max Mhz: 3201, Current Mhz: 2502, Mhz Limit: 3201
Processor Information for processor 8
  Max Mhz: 3201, Current Mhz: 2502, Mhz Limit: 3201
Processor Information for processor 9
  Max Mhz: 3201, Current Mhz: 2502, Mhz Limit: 3201
Processor Information for processor 10
  Max Mhz: 3201, Current Mhz: 2502, Mhz Limit: 3201
Processor Information for processor 11
  Max Mhz: 3201, Current Mhz: 1978, Mhz Limit: 3201
Processor Information for processor 12
  Max Mhz: 3201, Current Mhz: 2502, Mhz Limit: 3201
Processor Information for processor 13
  Max Mhz: 3201, Current Mhz: 1978, Mhz Limit: 3201
Processor Information for processor 14
  Max Mhz: 3201, Current Mhz: 2502, Mhz Limit: 3201
Processor Information for processor 15
  Max Mhz: 3201, Current Mhz: 2502, Mhz Limit: 3201

Memory: 4k page, system-wide physical 28356M (15773M free)
TotalPageFile size 89120M (AvailPageFile size 40M)
current process WorkingSet (physical memory assigned to process): 675M, peak: 676M
current process commit charge ("private bytes"): 722M, peak: 724M

vm_info: OpenJDK 64-Bit Server VM (21.0.6+-13368085-b895.109) for windows-amd64 JRE (21.0.6+-13368085-b895.109), built on 2025-04-16T17:01:31Z by "builder" with MS VC++ 16.10 / 16.11 (VS2019)

END.
