#
# There is insufficient memory for the Java Runtime Environment to continue.
# Native memory allocation (malloc) failed to allocate 1179040 bytes. Error detail: Chunk::new
# Possible reasons:
#   The system is out of physical RAM or swap space
#   This process is running with CompressedOops enabled, and the Java Heap may be blocking the growth of the native heap
# Possible solutions:
#   Reduce memory load on the system
#   Increase physical memory or swap space
#   Check if swap backing store is full
#   Decrease Java heap size (-Xmx/-Xms)
#   Decrease number of Java threads
#   Decrease Java thread stack sizes (-Xss)
#   Set larger code cache with -XX:ReservedCodeCacheSize=
#   JVM is running with Unscaled Compressed Oops mode in which the Java heap is
#     placed in the first 4GB address space. The Java Heap base address is the
#     maximum limit for the native heap growth. Please use -XX:HeapBaseMinAddress
#     to set the Java Heap base and to place the Java Heap above 4GB virtual address.
# This output file may be truncated or incomplete.
#
#  Out of Memory Error (arena.cpp:168), pid=4540, tid=23588
#
# JRE version: OpenJDK Runtime Environment (21.0.6) (build 21.0.6+-13368085-b895.109)
# Java VM: OpenJDK 64-Bit Server VM (21.0.6+-13368085-b895.109, mixed mode, tiered, compressed oops, compressed class ptrs, g1 gc, windows-amd64)
# No core dump will be written. Minidumps are not enabled by default on client versions of Windows
#

---------------  S U M M A R Y ------------

Command Line: --add-opens=java.base/java.lang=ALL-UNNAMED --add-opens=java.base/java.lang.invoke=ALL-UNNAMED --add-opens=java.base/java.util=ALL-UNNAMED --add-opens=java.prefs/java.util.prefs=ALL-UNNAMED --add-exports=jdk.compiler/com.sun.tools.javac.api=ALL-UNNAMED --add-exports=jdk.compiler/com.sun.tools.javac.util=ALL-UNNAMED --add-opens=java.base/java.util=ALL-UNNAMED --add-opens=java.prefs/java.util.prefs=ALL-UNNAMED --add-opens=java.base/java.nio.charset=ALL-UNNAMED --add-opens=java.base/java.net=ALL-UNNAMED --add-opens=java.base/java.util.concurrent.atomic=ALL-UNNAMED --add-opens=java.xml/javax.xml.namespace=ALL-UNNAMED -Xmx2048m -Dfile.encoding=UTF-8 -Duser.country=KR -Duser.language=ko -Duser.variant -javaagent:C:\Users\manis\.gradle\wrapper\dists\gradle-8.13-bin\5xuhj0ry160q40clulazy9h7d\gradle-8.13\lib\agents\gradle-instrumentation-agent-8.13.jar org.gradle.launcher.daemon.bootstrap.GradleDaemon 8.13

Host: AMD Ryzen 7 7735HS with Radeon Graphics, 16 cores, 27G,  Windows 11 , 64 bit Build 26100 (10.0.26100.9444)
Time: Mon Sep 14 15:32:04 2026  Windows 11 , 64 bit Build 26100 (10.0.26100.9444) elapsed time: 52.888850 seconds (0d 0h 0m 52s)

---------------  T H R E A D  ---------------

Current thread (0x000002246dafc400):  JavaThread "C2 CompilerThread4" daemon [_thread_in_native, id=23588, stack(0x000000a1a0300000,0x000000a1a0400000) (1024K)]


Current CompileTask:
C2:52889 19752       4       com.android.tools.r8.internal.nv2::a (500 bytes)

Stack: [0x000000a1a0300000,0x000000a1a0400000]
Native frames: (J=compiled Java code, j=interpreted, Vv=VM code, C=native code)
V  [jvm.dll+0x6d0639]
V  [jvm.dll+0x85eb03]
V  [jvm.dll+0x86105e]
V  [jvm.dll+0x861743]
V  [jvm.dll+0x27e6e6]
V  [jvm.dll+0xbff6d]
V  [jvm.dll+0xc04a3]
V  [jvm.dll+0x3b61ab]
V  [jvm.dll+0x1de872]
V  [jvm.dll+0x247dd4]
V  [jvm.dll+0x247251]
V  [jvm.dll+0x1c5f04]
V  [jvm.dll+0x2569ac]
V  [jvm.dll+0x254ef6]
V  [jvm.dll+0x3f0e96]
V  [jvm.dll+0x806ed8]
V  [jvm.dll+0x6cef0d]
C  [ucrtbase.dll+0x2cd30]
C  [KERNEL32.DLL+0x2cd87]
C  [ntdll.dll+0xacaec]


---------------  P R O C E S S  ---------------

Threads class SMR info:
_java_thread_list=0x000002246df8e5e0, length=61, elements={
0x000002244ced1770, 0x000002246536b760, 0x0000022465351e90, 0x0000022465359e50,
0x000002246535a4b0, 0x000002246535ab10, 0x0000022465358510, 0x0000022465358ea0,
0x0000022465359670, 0x00000224653c6510, 0x000002246583dc60, 0x000002246b3f8da0,
0x000002246b466d40, 0x000002246b7257c0, 0x000002246b5f5f90, 0x000002246b5f65f0,
0x000002246b5c8cf0, 0x000002246b61e470, 0x000002246b61bc40, 0x000002246b6d4de0,
0x000002246b6d40c0, 0x000002246b6d5470, 0x000002246b6d5b00, 0x000002246b6d6190,
0x000002246b6d6820, 0x000002246b6d4750, 0x000002246b6d6eb0, 0x000002246b6d3a30,
0x00000224704eb200, 0x00000224704e9130, 0x00000224704eab70, 0x00000224704eb890,
0x00000224704e8410, 0x00000224704ebf20, 0x00000224704ec5b0, 0x00000224704ed960,
0x00000224704efa30, 0x000002246fdb97f0, 0x000002246f0721b0, 0x000002246f070770,
0x000002246f06f3c0, 0x000002246f072ed0, 0x000002246f074910, 0x000002246f075630,
0x000002246fdbbf50, 0x000002246dddcc10, 0x000002246ddd9e20, 0x000002246dddd2a0,
0x000002246dddbef0, 0x000002247184fd20, 0x000002246daf7910, 0x000002246ddde650,
0x000002246daf86b0, 0x000002246daf9450, 0x000002246daf9b20, 0x000002246daf6b70,
0x000002246dafa1f0, 0x000002246dafc400, 0x000002246dafaf90, 0x000002246dafbd30,
0x000002246dafb660
}

Java Threads: ( => current thread )
  0x000002244ced1770 JavaThread "main"                              [_thread_blocked, id=17592, stack(0x000000a19b500000,0x000000a19b600000) (1024K)]
  0x000002246536b760 JavaThread "Reference Handler"          daemon [_thread_blocked, id=4980, stack(0x000000a19bd00000,0x000000a19be00000) (1024K)]
  0x0000022465351e90 JavaThread "Finalizer"                  daemon [_thread_blocked, id=8476, stack(0x000000a19be00000,0x000000a19bf00000) (1024K)]
  0x0000022465359e50 JavaThread "Signal Dispatcher"          daemon [_thread_blocked, id=28996, stack(0x000000a19bf00000,0x000000a19c000000) (1024K)]
  0x000002246535a4b0 JavaThread "Attach Listener"            daemon [_thread_blocked, id=22332, stack(0x000000a19c000000,0x000000a19c100000) (1024K)]
  0x000002246535ab10 JavaThread "Service Thread"             daemon [_thread_blocked, id=23412, stack(0x000000a19c100000,0x000000a19c200000) (1024K)]
  0x0000022465358510 JavaThread "Monitor Deflation Thread"   daemon [_thread_blocked, id=30500, stack(0x000000a19c200000,0x000000a19c300000) (1024K)]
  0x0000022465358ea0 JavaThread "C2 CompilerThread0"         daemon [_thread_in_native, id=11456, stack(0x000000a19c300000,0x000000a19c400000) (1024K)]
  0x0000022465359670 JavaThread "C1 CompilerThread0"         daemon [_thread_blocked, id=25388, stack(0x000000a19c400000,0x000000a19c500000) (1024K)]
  0x00000224653c6510 JavaThread "Common-Cleaner"             daemon [_thread_blocked, id=28708, stack(0x000000a19c500000,0x000000a19c600000) (1024K)]
  0x000002246583dc60 JavaThread "Notification Thread"        daemon [_thread_blocked, id=13568, stack(0x000000a19c700000,0x000000a19c800000) (1024K)]
  0x000002246b3f8da0 JavaThread "Daemon health stats"               [_thread_blocked, id=12400, stack(0x000000a19c900000,0x000000a19ca00000) (1024K)]
  0x000002246b466d40 JavaThread "Incoming local TCP Connector on port 14085"        [_thread_in_native, id=5360, stack(0x000000a19c800000,0x000000a19c900000) (1024K)]
  0x000002246b7257c0 JavaThread "Daemon periodic checks"            [_thread_blocked, id=28568, stack(0x000000a19d700000,0x000000a19d800000) (1024K)]
  0x000002246b5f5f90 JavaThread "Daemon"                            [_thread_blocked, id=17420, stack(0x000000a19d800000,0x000000a19d900000) (1024K)]
  0x000002246b5f65f0 JavaThread "Handler for socket connection from /127.0.0.1:14085 to /127.0.0.1:14086"        [_thread_in_native, id=9472, stack(0x000000a19d900000,0x000000a19da00000) (1024K)]
  0x000002246b5c8cf0 JavaThread "Cancel handler"                    [_thread_blocked, id=29528, stack(0x000000a19cb00000,0x000000a19cc00000) (1024K)]
  0x000002246b61e470 JavaThread "Daemon worker"                     [_thread_blocked, id=28364, stack(0x000000a19da00000,0x000000a19db00000) (1024K)]
  0x000002246b61bc40 JavaThread "Asynchronous log dispatcher for DefaultDaemonConnection: socket connection from /127.0.0.1:14085 to /127.0.0.1:14086"        [_thread_blocked, id=3684, stack(0x000000a19db00000,0x000000a19dc00000) (1024K)]
  0x000002246b6d4de0 JavaThread "Stdin handler"                     [_thread_blocked, id=20108, stack(0x000000a19dc00000,0x000000a19dd00000) (1024K)]
  0x000002246b6d40c0 JavaThread "Daemon client event forwarder"        [_thread_blocked, id=3680, stack(0x000000a19dd00000,0x000000a19de00000) (1024K)]
  0x000002246b6d5470 JavaThread "Cache worker for journal cache (C:\Users\manis\.gradle\caches\journal-1)"        [_thread_blocked, id=18788, stack(0x000000a19e300000,0x000000a19e400000) (1024K)]
  0x000002246b6d5b00 JavaThread "File lock request listener"        [_thread_in_native, id=20988, stack(0x000000a19e400000,0x000000a19e500000) (1024K)]
  0x000002246b6d6190 JavaThread "Cache worker for file hash cache (C:\Users\manis\.gradle\caches\8.13\fileHashes)"        [_thread_blocked, id=28812, stack(0x000000a19e500000,0x000000a19e600000) (1024K)]
  0x000002246b6d6820 JavaThread "Cache worker for file hash cache (C:\Users\manis\Kotlin_project\ScreenTimeManager\.gradle\8.13\fileHashes)"        [_thread_blocked, id=23420, stack(0x000000a19ea00000,0x000000a19eb00000) (1024K)]
  0x000002246b6d4750 JavaThread "Cache worker for Build Output Cleanup Cache (C:\Users\manis\Kotlin_project\ScreenTimeManager\.gradle\buildOutputCleanup)"        [_thread_blocked, id=17144, stack(0x000000a19eb00000,0x000000a19ec00000) (1024K)]
  0x000002246b6d6eb0 JavaThread "File watcher server"        daemon [_thread_in_native, id=29640, stack(0x000000a19ec00000,0x000000a19ed00000) (1024K)]
  0x000002246b6d3a30 JavaThread "File watcher consumer"      daemon [_thread_blocked, id=28584, stack(0x000000a19ed00000,0x000000a19ee00000) (1024K)]
  0x00000224704eb200 JavaThread "Cache worker for checksums cache (C:\Users\manis\Kotlin_project\ScreenTimeManager\.gradle\8.13\checksums)"        [_thread_blocked, id=13180, stack(0x000000a19e900000,0x000000a19ea00000) (1024K)]
  0x00000224704e9130 JavaThread "Cache worker for file content cache (C:\Users\manis\.gradle\caches\8.13\fileContent)"        [_thread_blocked, id=14040, stack(0x000000a19ee00000,0x000000a19ef00000) (1024K)]
  0x00000224704eab70 JavaThread "Cache worker for cache directory md-supplier (C:\Users\manis\.gradle\caches\8.13\md-supplier)"        [_thread_blocked, id=29312, stack(0x000000a19ef00000,0x000000a19f000000) (1024K)]
  0x00000224704eb890 JavaThread "Cache worker for cache directory md-rule (C:\Users\manis\.gradle\caches\8.13\md-rule)"        [_thread_blocked, id=17436, stack(0x000000a19e800000,0x000000a19e900000) (1024K)]
  0x00000224704e8410 JavaThread "Unconstrained build operations"        [_thread_blocked, id=3556, stack(0x000000a19e700000,0x000000a19e800000) (1024K)]
  0x00000224704ebf20 JavaThread "Unconstrained build operations Thread 2"        [_thread_blocked, id=29400, stack(0x000000a19f000000,0x000000a19f100000) (1024K)]
  0x00000224704ec5b0 JavaThread "Unconstrained build operations Thread 3"        [_thread_blocked, id=12896, stack(0x000000a19e600000,0x000000a19e700000) (1024K)]
  0x00000224704ed960 JavaThread "Memory manager"                    [_thread_blocked, id=17516, stack(0x000000a19f200000,0x000000a19f300000) (1024K)]
  0x00000224704efa30 JavaThread "build event listener"              [_thread_blocked, id=2820, stack(0x000000a19f300000,0x000000a19f400000) (1024K)]
  0x000002246fdb97f0 JavaThread "build event listener"              [_thread_blocked, id=10576, stack(0x000000a19f100000,0x000000a19f200000) (1024K)]
  0x000002246f0721b0 JavaThread "pool-3-thread-1"                   [_thread_blocked, id=12388, stack(0x000000a19f700000,0x000000a19f800000) (1024K)]
  0x000002246f070770 JavaThread "build event listener"              [_thread_blocked, id=7680, stack(0x000000a19f800000,0x000000a19f900000) (1024K)]
  0x000002246f06f3c0 JavaThread "included builds"                   [_thread_blocked, id=20844, stack(0x000000a19f900000,0x000000a19fa00000) (1024K)]
  0x000002246f072ed0 JavaThread "Cache worker for execution history cache (C:\Users\manis\Kotlin_project\ScreenTimeManager\.gradle\8.13\executionHistory)"        [_thread_blocked, id=13296, stack(0x000000a19fa00000,0x000000a19fb00000) (1024K)]
  0x000002246f074910 JavaThread "Unconstrained build operations Thread 4"        [_thread_blocked, id=6576, stack(0x000000a19f600000,0x000000a19f700000) (1024K)]
  0x000002246f075630 JavaThread "Unconstrained build operations Thread 5"        [_thread_blocked, id=4640, stack(0x000000a19ca00000,0x000000a19cb00000) (1024K)]
  0x000002246fdbbf50 JavaThread "Unconstrained build operations Thread 6"        [_thread_blocked, id=30124, stack(0x000000a19f500000,0x000000a19f600000) (1024K)]
  0x000002246dddcc10 JavaThread "Unconstrained build operations Thread 7"        [_thread_blocked, id=11096, stack(0x000000a19fb00000,0x000000a19fc00000) (1024K)]
  0x000002246ddd9e20 JavaThread "Unconstrained build operations Thread 8"        [_thread_blocked, id=2612, stack(0x000000a19fc00000,0x000000a19fd00000) (1024K)]
  0x000002246dddd2a0 JavaThread "Unconstrained build operations Thread 9"        [_thread_blocked, id=14556, stack(0x000000a19f400000,0x000000a19f500000) (1024K)]
  0x000002246dddbef0 JavaThread "Unconstrained build operations Thread 10"        [_thread_blocked, id=4680, stack(0x000000a19fe00000,0x000000a19ff00000) (1024K)]
  0x000002247184fd20 JavaThread "WorkerExecutor Queue"              [_thread_in_Java, id=13544, stack(0x000000a19fd00000,0x000000a19fe00000) (1024K)]
  0x000002246daf7910 JavaThread "C1 CompilerThread1"         daemon [_thread_blocked, id=18172, stack(0x000000a19cc00000,0x000000a19cd00000) (1024K)]
  0x000002246ddde650 JavaThread "WorkerExecutor Queue Thread 2"        [_thread_blocked, id=20376, stack(0x000000a1a0100000,0x000000a1a0200000) (1024K)]
  0x000002246daf86b0 JavaThread "C1 CompilerThread2"         daemon [_thread_blocked, id=804, stack(0x000000a19d600000,0x000000a19d700000) (1024K)]
  0x000002246daf9450 JavaThread "C1 CompilerThread3"         daemon [_thread_blocked, id=28720, stack(0x000000a19ff00000,0x000000a1a0000000) (1024K)]
  0x000002246daf9b20 JavaThread "C2 CompilerThread1"         daemon [_thread_in_native, id=7940, stack(0x000000a19c600000,0x000000a19c700000) (1024K)]
  0x000002246daf6b70 JavaThread "C2 CompilerThread2"         daemon [_thread_in_native, id=9712, stack(0x000000a1a0000000,0x000000a1a0100000) (1024K)]
  0x000002246dafa1f0 JavaThread "C2 CompilerThread3"         daemon [_thread_in_native, id=10224, stack(0x000000a1a0200000,0x000000a1a0300000) (1024K)]
=>0x000002246dafc400 JavaThread "C2 CompilerThread4"         daemon [_thread_in_native, id=23588, stack(0x000000a1a0300000,0x000000a1a0400000) (1024K)]
  0x000002246dafaf90 JavaThread "C2 CompilerThread5"         daemon [_thread_in_native, id=12716, stack(0x000000a1a0400000,0x000000a1a0500000) (1024K)]
  0x000002246dafbd30 JavaThread "C2 CompilerThread6"         daemon [_thread_in_native, id=17196, stack(0x000000a1a0500000,0x000000a1a0600000) (1024K)]
  0x000002246dafb660 JavaThread "C2 CompilerThread7"         daemon [_thread_in_native, id=8616, stack(0x000000a1a0600000,0x000000a1a0700000) (1024K)]
Total: 61

Other Threads:
  0x00000224652db860 VMThread "VM Thread"                           [id=15156, stack(0x000000a19bc00000,0x000000a19bd00000) (1024K)]
  0x000002246525c4d0 WatcherThread "VM Periodic Task Thread"        [id=22576, stack(0x000000a19bb00000,0x000000a19bc00000) (1024K)]
  0x000002244cf29af0 WorkerThread "GC Thread#0"                     [id=15708, stack(0x000000a19b600000,0x000000a19b700000) (1024K)]
  0x000002246593c940 WorkerThread "GC Thread#1"                     [id=23292, stack(0x000000a19cd00000,0x000000a19ce00000) (1024K)]
  0x0000022465c31710 WorkerThread "GC Thread#2"                     [id=20544, stack(0x000000a19ce00000,0x000000a19cf00000) (1024K)]
  0x0000022465c31ab0 WorkerThread "GC Thread#3"                     [id=5116, stack(0x000000a19cf00000,0x000000a19d000000) (1024K)]
  0x00000224659353e0 WorkerThread "GC Thread#4"                     [id=9468, stack(0x000000a19d000000,0x000000a19d100000) (1024K)]
  0x0000022465935780 WorkerThread "GC Thread#5"                     [id=30680, stack(0x000000a19d100000,0x000000a19d200000) (1024K)]
  0x000002246a1a22c0 WorkerThread "GC Thread#6"                     [id=29172, stack(0x000000a19d200000,0x000000a19d300000) (1024K)]
  0x000002246a1a2660 WorkerThread "GC Thread#7"                     [id=27760, stack(0x000000a19d300000,0x000000a19d400000) (1024K)]
  0x000002246a1a2a00 WorkerThread "GC Thread#8"                     [id=28992, stack(0x000000a19d400000,0x000000a19d500000) (1024K)]
  0x000002246a1a2da0 WorkerThread "GC Thread#9"                     [id=22880, stack(0x000000a19d500000,0x000000a19d600000) (1024K)]
  0x000002246b460370 WorkerThread "GC Thread#10"                    [id=4088, stack(0x000000a19de00000,0x000000a19df00000) (1024K)]
  0x000002246b460710 WorkerThread "GC Thread#11"                    [id=13344, stack(0x000000a19df00000,0x000000a19e000000) (1024K)]
  0x000002246b460e50 WorkerThread "GC Thread#12"                    [id=23348, stack(0x000000a19e000000,0x000000a19e100000) (1024K)]
  0x000002244cf3acb0 ConcurrentGCThread "G1 Main Marker"            [id=17376, stack(0x000000a19b700000,0x000000a19b800000) (1024K)]
  0x000002244cf3e700 WorkerThread "G1 Conc#0"                       [id=23072, stack(0x000000a19b800000,0x000000a19b900000) (1024K)]
  0x000002246b45fc30 WorkerThread "G1 Conc#1"                       [id=29188, stack(0x000000a19e100000,0x000000a19e200000) (1024K)]
  0x000002246b4611f0 WorkerThread "G1 Conc#2"                       [id=15760, stack(0x000000a19e200000,0x000000a19e300000) (1024K)]
  0x00000224648a2040 ConcurrentGCThread "G1 Refine#0"               [id=3596, stack(0x000000a19b900000,0x000000a19ba00000) (1024K)]
  0x00000224648a2980 ConcurrentGCThread "G1 Service"                [id=23092, stack(0x000000a19ba00000,0x000000a19bb00000) (1024K)]
Total: 21

Threads with active compile tasks:
C2 CompilerThread0  52967 19892       4       com.android.tools.r8.internal.l32::c (803 bytes)
C2 CompilerThread1  52967 19615 %     4       com.android.tools.r8.internal.l32::a @ 1747 (2024 bytes)
C2 CompilerThread2  52967 19612 %     4       com.android.tools.r8.internal.l32::a @ 1059 (3042 bytes)
C2 CompilerThread3  52967 19958       4       com.android.tools.r8.internal.di1::remove (1708 bytes)
C2 CompilerThread4  52967 19752       4       com.android.tools.r8.internal.nv2::a (500 bytes)
C2 CompilerThread5  52968 19834       4       com.android.tools.r8.graph.u2::a (439 bytes)
C2 CompilerThread6  52968 19886       4       com.android.tools.r8.internal.l32::c (1731 bytes)
C2 CompilerThread7  52968 19690 %     4       com.android.tools.r8.internal.l32::k @ 34 (1133 bytes)
Total: 8

VM state: not at safepoint (normal execution)

VM Mutex/Monitor currently owned by a thread: None

Heap address: 0x0000000080000000, size: 2048 MB, Compressed Oops mode: 32-bit

CDS archive(s) not mapped
Compressed class space mapped at: 0x0000000100000000-0x0000000140000000, reserved size: 1073741824
Narrow klass base: 0x0000000000000000, Narrow klass shift: 3, Narrow klass range: 0x140000000

GC Precious Log:
 CardTable entry size: 512
 Card Set container configuration: InlinePtr #cards 5 size 8 Array Of Cards #cards 12 size 40 Howl #buckets 4 coarsen threshold 1843 Howl Bitmap #cards 512 size 80 coarsen threshold 460 Card regions per heap region 1 cards per card region 2048
 CPUs: 16 total, 16 available
 Memory: 28356M
 Large Page Support: Disabled
 NUMA Support: Disabled
 Compressed Oops: Enabled (32-bit)
 Heap Region Size: 1M
 Heap Min Capacity: 8M
 Heap Initial Capacity: 444M
 Heap Max Capacity: 2G
 Pre-touch: Disabled
 Parallel Workers: 13
 Concurrent Workers: 3
 Concurrent Refinement Workers: 13
 Periodic GC: Disabled

Heap:
 garbage-first heap   total 273408K, used 190572K [0x0000000080000000, 0x0000000100000000)
  region size 1024K, 47 young (48128K), 6 survivors (6144K)
 Metaspace       used 138769K, committed 141056K, reserved 1179648K
  class space    used 18636K, committed 19776K, reserved 1048576K

Heap Regions: E=young(eden), S=young(survivor), O=old, HS=humongous(starts), HC=humongous(continues), CS=collection set, F=free, TAMS=top-at-mark-start, PB=parsable bottom
|   0|0x0000000080000000, 0x0000000080100000, 0x0000000080100000|100%|HS|  |TAMS 0x0000000080000000| PB 0x0000000080000000| Complete 
|   1|0x0000000080100000, 0x0000000080200000, 0x0000000080200000|100%|HC|  |TAMS 0x0000000080100000| PB 0x0000000080100000| Complete 
|   2|0x0000000080200000, 0x0000000080300000, 0x0000000080300000|100%|HC|  |TAMS 0x0000000080200000| PB 0x0000000080200000| Complete 
|   3|0x0000000080300000, 0x0000000080400000, 0x0000000080400000|100%| O|  |TAMS 0x0000000080300000| PB 0x0000000080300000| Untracked 
|   4|0x0000000080400000, 0x0000000080500000, 0x0000000080500000|100%| O|  |TAMS 0x0000000080400000| PB 0x0000000080400000| Untracked 
|   5|0x0000000080500000, 0x0000000080600000, 0x0000000080600000|100%| O|  |TAMS 0x0000000080500000| PB 0x0000000080500000| Untracked 
|   6|0x0000000080600000, 0x0000000080700000, 0x0000000080700000|100%|HS|  |TAMS 0x0000000080600000| PB 0x0000000080600000| Complete 
|   7|0x0000000080700000, 0x0000000080800000, 0x0000000080800000|100%| O|  |TAMS 0x0000000080700000| PB 0x0000000080700000| Untracked 
|   8|0x0000000080800000, 0x0000000080900000, 0x0000000080900000|100%| O|  |TAMS 0x0000000080800000| PB 0x0000000080800000| Untracked 
|   9|0x0000000080900000, 0x0000000080a00000, 0x0000000080a00000|100%| O|  |TAMS 0x0000000080900000| PB 0x0000000080900000| Untracked 
|  10|0x0000000080a00000, 0x0000000080b00000, 0x0000000080b00000|100%| O|  |TAMS 0x0000000080a00000| PB 0x0000000080a00000| Untracked 
|  11|0x0000000080b00000, 0x0000000080c00000, 0x0000000080c00000|100%| O|  |TAMS 0x0000000080b00000| PB 0x0000000080b00000| Untracked 
|  12|0x0000000080c00000, 0x0000000080d00000, 0x0000000080d00000|100%| O|  |TAMS 0x0000000080c00000| PB 0x0000000080c00000| Untracked 
|  13|0x0000000080d00000, 0x0000000080e00000, 0x0000000080e00000|100%| O|  |TAMS 0x0000000080d00000| PB 0x0000000080d00000| Untracked 
|  14|0x0000000080e00000, 0x0000000080f00000, 0x0000000080f00000|100%| O|  |TAMS 0x0000000080e00000| PB 0x0000000080e00000| Untracked 
|  15|0x0000000080f00000, 0x0000000081000000, 0x0000000081000000|100%| O|  |TAMS 0x0000000080f00000| PB 0x0000000080f00000| Untracked 
|  16|0x0000000081000000, 0x0000000081100000, 0x0000000081100000|100%| O|  |TAMS 0x0000000081000000| PB 0x0000000081000000| Untracked 
|  17|0x0000000081100000, 0x0000000081200000, 0x0000000081200000|100%| O|  |TAMS 0x0000000081100000| PB 0x0000000081100000| Untracked 
|  18|0x0000000081200000, 0x0000000081300000, 0x0000000081300000|100%| O|  |TAMS 0x0000000081200000| PB 0x0000000081200000| Untracked 
|  19|0x0000000081300000, 0x0000000081400000, 0x0000000081400000|100%| O|  |TAMS 0x0000000081300000| PB 0x0000000081300000| Untracked 
|  20|0x0000000081400000, 0x0000000081500000, 0x0000000081500000|100%| O|  |TAMS 0x0000000081400000| PB 0x0000000081400000| Untracked 
|  21|0x0000000081500000, 0x0000000081600000, 0x0000000081600000|100%| O|  |TAMS 0x0000000081500000| PB 0x0000000081500000| Untracked 
|  22|0x0000000081600000, 0x0000000081700000, 0x0000000081700000|100%| O|  |TAMS 0x0000000081600000| PB 0x0000000081600000| Untracked 
|  23|0x0000000081700000, 0x0000000081800000, 0x0000000081800000|100%|HS|  |TAMS 0x0000000081700000| PB 0x0000000081700000| Complete 
|  24|0x0000000081800000, 0x0000000081900000, 0x0000000081900000|100%| O|  |TAMS 0x0000000081800000| PB 0x0000000081800000| Untracked 
|  25|0x0000000081900000, 0x0000000081a00000, 0x0000000081a00000|100%| O|  |TAMS 0x0000000081900000| PB 0x0000000081900000| Untracked 
|  26|0x0000000081a00000, 0x0000000081b00000, 0x0000000081b00000|100%| O|  |TAMS 0x0000000081a00000| PB 0x0000000081a00000| Untracked 
|  27|0x0000000081b00000, 0x0000000081c00000, 0x0000000081c00000|100%| O|  |TAMS 0x0000000081b00000| PB 0x0000000081b00000| Untracked 
|  28|0x0000000081c00000, 0x0000000081d00000, 0x0000000081d00000|100%| O|  |TAMS 0x0000000081c00000| PB 0x0000000081c00000| Untracked 
|  29|0x0000000081d00000, 0x0000000081e00000, 0x0000000081e00000|100%|HS|  |TAMS 0x0000000081d00000| PB 0x0000000081d00000| Complete 
|  30|0x0000000081e00000, 0x0000000081f00000, 0x0000000081f00000|100%|HS|  |TAMS 0x0000000081e00000| PB 0x0000000081e00000| Complete 
|  31|0x0000000081f00000, 0x0000000082000000, 0x0000000082000000|100%|HC|  |TAMS 0x0000000081f00000| PB 0x0000000081f00000| Complete 
|  32|0x0000000082000000, 0x0000000082100000, 0x0000000082100000|100%| O|  |TAMS 0x0000000082000000| PB 0x0000000082000000| Untracked 
|  33|0x0000000082100000, 0x0000000082200000, 0x0000000082200000|100%| O|  |TAMS 0x0000000082100000| PB 0x0000000082100000| Untracked 
|  34|0x0000000082200000, 0x0000000082300000, 0x0000000082300000|100%| O|  |TAMS 0x0000000082200000| PB 0x0000000082200000| Untracked 
|  35|0x0000000082300000, 0x0000000082400000, 0x0000000082400000|100%| O|  |TAMS 0x0000000082300000| PB 0x0000000082300000| Untracked 
|  36|0x0000000082400000, 0x0000000082500000, 0x0000000082500000|100%| O|  |TAMS 0x0000000082400000| PB 0x0000000082400000| Untracked 
|  37|0x0000000082500000, 0x0000000082600000, 0x0000000082600000|100%|HS|  |TAMS 0x0000000082500000| PB 0x0000000082500000| Complete 
|  38|0x0000000082600000, 0x0000000082700000, 0x0000000082700000|100%|HC|  |TAMS 0x0000000082600000| PB 0x0000000082600000| Complete 
|  39|0x0000000082700000, 0x0000000082800000, 0x0000000082800000|100%|HS|  |TAMS 0x0000000082700000| PB 0x0000000082700000| Complete 
|  40|0x0000000082800000, 0x0000000082900000, 0x0000000082900000|100%|HS|  |TAMS 0x0000000082800000| PB 0x0000000082800000| Complete 
|  41|0x0000000082900000, 0x0000000082a00000, 0x0000000082a00000|100%| O|  |TAMS 0x0000000082900000| PB 0x0000000082900000| Untracked 
|  42|0x0000000082a00000, 0x0000000082b00000, 0x0000000082b00000|100%|HS|  |TAMS 0x0000000082a00000| PB 0x0000000082a00000| Complete 
|  43|0x0000000082b00000, 0x0000000082c00000, 0x0000000082c00000|100%|HS|  |TAMS 0x0000000082b00000| PB 0x0000000082b00000| Complete 
|  44|0x0000000082c00000, 0x0000000082d00000, 0x0000000082d00000|100%| O|  |TAMS 0x0000000082c00000| PB 0x0000000082c00000| Untracked 
|  45|0x0000000082d00000, 0x0000000082e00000, 0x0000000082e00000|100%| O|  |TAMS 0x0000000082d00000| PB 0x0000000082d00000| Untracked 
|  46|0x0000000082e00000, 0x0000000082f00000, 0x0000000082f00000|100%| O|  |TAMS 0x0000000082e00000| PB 0x0000000082e00000| Untracked 
|  47|0x0000000082f00000, 0x0000000083000000, 0x0000000083000000|100%| O|  |TAMS 0x0000000082f00000| PB 0x0000000082f00000| Untracked 
|  48|0x0000000083000000, 0x0000000083100000, 0x0000000083100000|100%| O|  |TAMS 0x0000000083000000| PB 0x0000000083000000| Untracked 
|  49|0x0000000083100000, 0x0000000083200000, 0x0000000083200000|100%| O|  |TAMS 0x0000000083100000| PB 0x0000000083100000| Untracked 
|  50|0x0000000083200000, 0x0000000083300000, 0x0000000083300000|100%| O|  |TAMS 0x0000000083200000| PB 0x0000000083200000| Untracked 
|  51|0x0000000083300000, 0x0000000083400000, 0x0000000083400000|100%| O|  |TAMS 0x0000000083300000| PB 0x0000000083300000| Untracked 
|  52|0x0000000083400000, 0x0000000083500000, 0x0000000083500000|100%| O|  |TAMS 0x0000000083400000| PB 0x0000000083400000| Untracked 
|  53|0x0000000083500000, 0x0000000083600000, 0x0000000083600000|100%| O|  |TAMS 0x0000000083500000| PB 0x0000000083500000| Untracked 
|  54|0x0000000083600000, 0x0000000083700000, 0x0000000083700000|100%| O|  |TAMS 0x0000000083600000| PB 0x0000000083600000| Untracked 
|  55|0x0000000083700000, 0x0000000083800000, 0x0000000083800000|100%| O|  |TAMS 0x0000000083700000| PB 0x0000000083700000| Untracked 
|  56|0x0000000083800000, 0x0000000083900000, 0x0000000083900000|100%| O|  |TAMS 0x0000000083800000| PB 0x0000000083800000| Untracked 
|  57|0x0000000083900000, 0x0000000083a00000, 0x0000000083a00000|100%| O|  |TAMS 0x0000000083900000| PB 0x0000000083900000| Untracked 
|  58|0x0000000083a00000, 0x0000000083b00000, 0x0000000083b00000|100%| O|  |TAMS 0x0000000083a00000| PB 0x0000000083a00000| Untracked 
|  59|0x0000000083b00000, 0x0000000083c00000, 0x0000000083c00000|100%| O|  |TAMS 0x0000000083b00000| PB 0x0000000083b00000| Untracked 
|  60|0x0000000083c00000, 0x0000000083d00000, 0x0000000083d00000|100%|HS|  |TAMS 0x0000000083c00000| PB 0x0000000083c00000| Complete 
|  61|0x0000000083d00000, 0x0000000083e00000, 0x0000000083e00000|100%| O|  |TAMS 0x0000000083d00000| PB 0x0000000083d00000| Untracked 
|  62|0x0000000083e00000, 0x0000000083f00000, 0x0000000083f00000|100%| O|  |TAMS 0x0000000083e00000| PB 0x0000000083e00000| Untracked 
|  63|0x0000000083f00000, 0x0000000084000000, 0x0000000084000000|100%| O|  |TAMS 0x0000000083f00000| PB 0x0000000083f00000| Untracked 
|  64|0x0000000084000000, 0x0000000084100000, 0x0000000084100000|100%| O|  |TAMS 0x0000000084000000| PB 0x0000000084000000| Untracked 
|  65|0x0000000084100000, 0x0000000084200000, 0x0000000084200000|100%| O|  |TAMS 0x0000000084100000| PB 0x0000000084100000| Untracked 
|  66|0x0000000084200000, 0x0000000084300000, 0x0000000084300000|100%| O|  |TAMS 0x0000000084200000| PB 0x0000000084200000| Untracked 
|  67|0x0000000084300000, 0x0000000084400000, 0x0000000084400000|100%| O|Cm|TAMS 0x0000000084300000| PB 0x0000000084300000| Complete 
|  68|0x0000000084400000, 0x0000000084500000, 0x0000000084500000|100%| O|Cm|TAMS 0x0000000084400000| PB 0x0000000084400000| Complete 
|  69|0x0000000084500000, 0x0000000084600000, 0x0000000084600000|100%| O|  |TAMS 0x0000000084500000| PB 0x0000000084500000| Untracked 
|  70|0x0000000084600000, 0x0000000084700000, 0x0000000084700000|100%| O|  |TAMS 0x0000000084600000| PB 0x0000000084600000| Untracked 
|  71|0x0000000084700000, 0x0000000084800000, 0x0000000084800000|100%| O|  |TAMS 0x0000000084700000| PB 0x0000000084700000| Untracked 
|  72|0x0000000084800000, 0x0000000084900000, 0x0000000084900000|100%| O|  |TAMS 0x0000000084800000| PB 0x0000000084800000| Untracked 
|  73|0x0000000084900000, 0x0000000084a00000, 0x0000000084a00000|100%| O|  |TAMS 0x0000000084900000| PB 0x0000000084900000| Untracked 
|  74|0x0000000084a00000, 0x0000000084b00000, 0x0000000084b00000|100%| O|  |TAMS 0x0000000084a00000| PB 0x0000000084a00000| Untracked 
|  75|0x0000000084b00000, 0x0000000084c00000, 0x0000000084c00000|100%| O|  |TAMS 0x0000000084b00000| PB 0x0000000084b00000| Untracked 
|  76|0x0000000084c00000, 0x0000000084d00000, 0x0000000084d00000|100%| O|  |TAMS 0x0000000084c00000| PB 0x0000000084c00000| Untracked 
|  77|0x0000000084d00000, 0x0000000084e00000, 0x0000000084e00000|100%| O|  |TAMS 0x0000000084d00000| PB 0x0000000084d00000| Untracked 
|  78|0x0000000084e00000, 0x0000000084f00000, 0x0000000084f00000|100%| O|  |TAMS 0x0000000084e00000| PB 0x0000000084e00000| Untracked 
|  79|0x0000000084f00000, 0x0000000085000000, 0x0000000085000000|100%| O|  |TAMS 0x0000000084f00000| PB 0x0000000084f00000| Untracked 
|  80|0x0000000085000000, 0x0000000085100000, 0x0000000085100000|100%| O|  |TAMS 0x0000000085000000| PB 0x0000000085000000| Untracked 
|  81|0x0000000085100000, 0x0000000085200000, 0x0000000085200000|100%| O|  |TAMS 0x0000000085100000| PB 0x0000000085100000| Untracked 
|  82|0x0000000085200000, 0x0000000085300000, 0x0000000085300000|100%| O|  |TAMS 0x0000000085200000| PB 0x0000000085200000| Untracked 
|  83|0x0000000085300000, 0x0000000085400000, 0x0000000085400000|100%| O|  |TAMS 0x0000000085300000| PB 0x0000000085300000| Untracked 
|  84|0x0000000085400000, 0x0000000085500000, 0x0000000085500000|100%| O|  |TAMS 0x0000000085400000| PB 0x0000000085400000| Untracked 
|  85|0x0000000085500000, 0x0000000085600000, 0x0000000085600000|100%| O|  |TAMS 0x0000000085500000| PB 0x0000000085500000| Untracked 
|  86|0x0000000085600000, 0x0000000085700000, 0x0000000085700000|100%| O|  |TAMS 0x0000000085600000| PB 0x0000000085600000| Untracked 
|  87|0x0000000085700000, 0x0000000085800000, 0x0000000085800000|100%| O|  |TAMS 0x0000000085700000| PB 0x0000000085700000| Untracked 
|  88|0x0000000085800000, 0x0000000085900000, 0x0000000085900000|100%| O|  |TAMS 0x0000000085800000| PB 0x0000000085800000| Untracked 
|  89|0x0000000085900000, 0x0000000085a00000, 0x0000000085a00000|100%| O|  |TAMS 0x0000000085900000| PB 0x0000000085900000| Untracked 
|  90|0x0000000085a00000, 0x0000000085b00000, 0x0000000085b00000|100%| O|  |TAMS 0x0000000085a00000| PB 0x0000000085a00000| Untracked 
|  91|0x0000000085b00000, 0x0000000085c00000, 0x0000000085c00000|100%| O|  |TAMS 0x0000000085b00000| PB 0x0000000085b00000| Untracked 
|  92|0x0000000085c00000, 0x0000000085d00000, 0x0000000085d00000|100%| O|  |TAMS 0x0000000085c00000| PB 0x0000000085c00000| Untracked 
|  93|0x0000000085d00000, 0x0000000085e00000, 0x0000000085e00000|100%| O|  |TAMS 0x0000000085d00000| PB 0x0000000085d00000| Untracked 
|  94|0x0000000085e00000, 0x0000000085f00000, 0x0000000085f00000|100%| O|  |TAMS 0x0000000085e00000| PB 0x0000000085e00000| Untracked 
|  95|0x0000000085f00000, 0x0000000086000000, 0x0000000086000000|100%| O|  |TAMS 0x0000000085f00000| PB 0x0000000085f00000| Untracked 
|  96|0x0000000086000000, 0x0000000086100000, 0x0000000086100000|100%| O|  |TAMS 0x0000000086000000| PB 0x0000000086000000| Untracked 
|  97|0x0000000086100000, 0x0000000086200000, 0x0000000086200000|100%| O|  |TAMS 0x0000000086100000| PB 0x0000000086100000| Untracked 
|  98|0x0000000086200000, 0x0000000086300000, 0x0000000086300000|100%| O|  |TAMS 0x0000000086200000| PB 0x0000000086200000| Untracked 
|  99|0x0000000086300000, 0x0000000086400000, 0x0000000086400000|100%| O|  |TAMS 0x0000000086300000| PB 0x0000000086300000| Untracked 
| 100|0x0000000086400000, 0x0000000086400000, 0x0000000086500000|  0%| F|  |TAMS 0x0000000086400000| PB 0x0000000086400000| Untracked 
| 101|0x0000000086500000, 0x0000000086600000, 0x0000000086600000|100%| O|  |TAMS 0x0000000086500000| PB 0x0000000086500000| Untracked 
| 102|0x0000000086600000, 0x0000000086700000, 0x0000000086700000|100%| O|  |TAMS 0x0000000086600000| PB 0x0000000086600000| Untracked 
| 103|0x0000000086700000, 0x0000000086700000, 0x0000000086800000|  0%| F|  |TAMS 0x0000000086700000| PB 0x0000000086700000| Untracked 
| 104|0x0000000086800000, 0x0000000086900000, 0x0000000086900000|100%| O|  |TAMS 0x0000000086800000| PB 0x0000000086800000| Untracked 
| 105|0x0000000086900000, 0x0000000086a00000, 0x0000000086a00000|100%| O|  |TAMS 0x0000000086900000| PB 0x0000000086900000| Untracked 
| 106|0x0000000086a00000, 0x0000000086b00000, 0x0000000086b00000|100%| O|  |TAMS 0x0000000086a00000| PB 0x0000000086a00000| Untracked 
| 107|0x0000000086b00000, 0x0000000086c00000, 0x0000000086c00000|100%| O|  |TAMS 0x0000000086b00000| PB 0x0000000086b00000| Untracked 
| 108|0x0000000086c00000, 0x0000000086d00000, 0x0000000086d00000|100%| O|  |TAMS 0x0000000086c00000| PB 0x0000000086c00000| Untracked 
| 109|0x0000000086d00000, 0x0000000086e00000, 0x0000000086e00000|100%| O|  |TAMS 0x0000000086d00000| PB 0x0000000086d00000| Untracked 
| 110|0x0000000086e00000, 0x0000000086e00000, 0x0000000086f00000|  0%| F|  |TAMS 0x0000000086e00000| PB 0x0000000086e00000| Untracked 
| 111|0x0000000086f00000, 0x0000000086f00000, 0x0000000087000000|  0%| F|  |TAMS 0x0000000086f00000| PB 0x0000000086f00000| Untracked 
| 112|0x0000000087000000, 0x0000000087000000, 0x0000000087100000|  0%| F|  |TAMS 0x0000000087000000| PB 0x0000000087000000| Untracked 
| 113|0x0000000087100000, 0x0000000087100000, 0x0000000087200000|  0%| F|  |TAMS 0x0000000087100000| PB 0x0000000087100000| Untracked 
| 114|0x0000000087200000, 0x0000000087200000, 0x0000000087300000|  0%| F|  |TAMS 0x0000000087200000| PB 0x0000000087200000| Untracked 
| 115|0x0000000087300000, 0x0000000087400000, 0x0000000087400000|100%| O|  |TAMS 0x0000000087300000| PB 0x0000000087300000| Untracked 
| 116|0x0000000087400000, 0x0000000087500000, 0x0000000087500000|100%| O|  |TAMS 0x0000000087400000| PB 0x0000000087400000| Untracked 
| 117|0x0000000087500000, 0x0000000087600000, 0x0000000087600000|100%| O|  |TAMS 0x0000000087500000| PB 0x0000000087500000| Untracked 
| 118|0x0000000087600000, 0x0000000087700000, 0x0000000087700000|100%| O|  |TAMS 0x0000000087600000| PB 0x0000000087600000| Untracked 
| 119|0x0000000087700000, 0x0000000087800000, 0x0000000087800000|100%| O|  |TAMS 0x0000000087700000| PB 0x0000000087700000| Untracked 
| 120|0x0000000087800000, 0x0000000087900000, 0x0000000087900000|100%| O|Cm|TAMS 0x0000000087800000| PB 0x0000000087800000| Complete 
| 121|0x0000000087900000, 0x0000000087900000, 0x0000000087a00000|  0%| F|  |TAMS 0x0000000087900000| PB 0x0000000087900000| Untracked 
| 122|0x0000000087a00000, 0x0000000087a00000, 0x0000000087b00000|  0%| F|  |TAMS 0x0000000087a00000| PB 0x0000000087a00000| Untracked 
| 123|0x0000000087b00000, 0x0000000087b00000, 0x0000000087c00000|  0%| F|  |TAMS 0x0000000087b00000| PB 0x0000000087b00000| Untracked 
| 124|0x0000000087c00000, 0x0000000087d00000, 0x0000000087d00000|100%| O|Cm|TAMS 0x0000000087c00000| PB 0x0000000087c00000| Complete 
| 125|0x0000000087d00000, 0x0000000087e00000, 0x0000000087e00000|100%| O|  |TAMS 0x0000000087d00000| PB 0x0000000087d00000| Untracked 
| 126|0x0000000087e00000, 0x0000000087f00000, 0x0000000087f00000|100%| O|  |TAMS 0x0000000087e00000| PB 0x0000000087e00000| Untracked 
| 127|0x0000000087f00000, 0x0000000088000000, 0x0000000088000000|100%| O|  |TAMS 0x0000000087f00000| PB 0x0000000087f00000| Untracked 
| 128|0x0000000088000000, 0x0000000088100000, 0x0000000088100000|100%| O|  |TAMS 0x0000000088000000| PB 0x0000000088000000| Untracked 
| 129|0x0000000088100000, 0x0000000088200000, 0x0000000088200000|100%| O|  |TAMS 0x0000000088100000| PB 0x0000000088100000| Untracked 
| 130|0x0000000088200000, 0x0000000088300000, 0x0000000088300000|100%| O|  |TAMS 0x0000000088200000| PB 0x0000000088200000| Untracked 
| 131|0x0000000088300000, 0x0000000088400000, 0x0000000088400000|100%| O|  |TAMS 0x0000000088300000| PB 0x0000000088300000| Untracked 
| 132|0x0000000088400000, 0x0000000088500000, 0x0000000088500000|100%| O|  |TAMS 0x0000000088400000| PB 0x0000000088400000| Untracked 
| 133|0x0000000088500000, 0x0000000088600000, 0x0000000088600000|100%| O|  |TAMS 0x0000000088500000| PB 0x0000000088500000| Untracked 
| 134|0x0000000088600000, 0x0000000088700000, 0x0000000088700000|100%| O|  |TAMS 0x0000000088600000| PB 0x0000000088600000| Untracked 
| 135|0x0000000088700000, 0x0000000088800000, 0x0000000088800000|100%| O|  |TAMS 0x0000000088700000| PB 0x0000000088700000| Untracked 
| 136|0x0000000088800000, 0x0000000088900000, 0x0000000088900000|100%| O|  |TAMS 0x0000000088800000| PB 0x0000000088800000| Untracked 
| 137|0x0000000088900000, 0x0000000088900000, 0x0000000088a00000|  0%| F|  |TAMS 0x0000000088900000| PB 0x0000000088900000| Untracked 
| 138|0x0000000088a00000, 0x0000000088b00000, 0x0000000088b00000|100%| O|  |TAMS 0x0000000088a00000| PB 0x0000000088a00000| Untracked 
| 139|0x0000000088b00000, 0x0000000088c00000, 0x0000000088c00000|100%| O|  |TAMS 0x0000000088b00000| PB 0x0000000088b00000| Untracked 
| 140|0x0000000088c00000, 0x0000000088d00000, 0x0000000088d00000|100%| O|  |TAMS 0x0000000088c00000| PB 0x0000000088c00000| Untracked 
| 141|0x0000000088d00000, 0x0000000088e00000, 0x0000000088e00000|100%| O|  |TAMS 0x0000000088d00000| PB 0x0000000088d00000| Untracked 
| 142|0x0000000088e00000, 0x0000000088f00000, 0x0000000088f00000|100%| O|  |TAMS 0x0000000088e00000| PB 0x0000000088e00000| Untracked 
| 143|0x0000000088f00000, 0x0000000089000000, 0x0000000089000000|100%| O|  |TAMS 0x0000000088f00000| PB 0x0000000088f00000| Untracked 
| 144|0x0000000089000000, 0x0000000089100000, 0x0000000089100000|100%| O|  |TAMS 0x0000000089000000| PB 0x0000000089000000| Untracked 
| 145|0x0000000089100000, 0x0000000089100000, 0x0000000089200000|  0%| F|  |TAMS 0x0000000089100000| PB 0x0000000089100000| Untracked 
| 146|0x0000000089200000, 0x0000000089300000, 0x0000000089300000|100%| O|  |TAMS 0x0000000089200000| PB 0x0000000089200000| Untracked 
| 147|0x0000000089300000, 0x0000000089400000, 0x0000000089400000|100%| O|Cm|TAMS 0x0000000089300000| PB 0x0000000089300000| Complete 
| 148|0x0000000089400000, 0x0000000089500000, 0x0000000089500000|100%| O|Cm|TAMS 0x0000000089400000| PB 0x0000000089400000| Complete 
| 149|0x0000000089500000, 0x0000000089500000, 0x0000000089600000|  0%| F|  |TAMS 0x0000000089500000| PB 0x0000000089500000| Untracked 
| 150|0x0000000089600000, 0x0000000089700000, 0x0000000089700000|100%| O|  |TAMS 0x0000000089600000| PB 0x0000000089600000| Untracked 
| 151|0x0000000089700000, 0x0000000089800000, 0x0000000089800000|100%| O|  |TAMS 0x0000000089700000| PB 0x0000000089700000| Untracked 
| 152|0x0000000089800000, 0x0000000089900000, 0x0000000089900000|100%| O|  |TAMS 0x0000000089800000| PB 0x0000000089800000| Untracked 
| 153|0x0000000089900000, 0x0000000089922420, 0x0000000089a00000| 13%| O|  |TAMS 0x0000000089900000| PB 0x0000000089900000| Untracked 
| 154|0x0000000089a00000, 0x0000000089a00000, 0x0000000089b00000|  0%| F|  |TAMS 0x0000000089a00000| PB 0x0000000089a00000| Untracked 
| 155|0x0000000089b00000, 0x0000000089b00000, 0x0000000089c00000|  0%| F|  |TAMS 0x0000000089b00000| PB 0x0000000089b00000| Untracked 
| 156|0x0000000089c00000, 0x0000000089c00000, 0x0000000089d00000|  0%| F|  |TAMS 0x0000000089c00000| PB 0x0000000089c00000| Untracked 
| 157|0x0000000089d00000, 0x0000000089d00000, 0x0000000089e00000|  0%| F|  |TAMS 0x0000000089d00000| PB 0x0000000089d00000| Untracked 
| 158|0x0000000089e00000, 0x0000000089e00000, 0x0000000089f00000|  0%| F|  |TAMS 0x0000000089e00000| PB 0x0000000089e00000| Untracked 
| 159|0x0000000089f00000, 0x0000000089f00000, 0x000000008a000000|  0%| F|  |TAMS 0x0000000089f00000| PB 0x0000000089f00000| Untracked 
| 160|0x000000008a000000, 0x000000008a000000, 0x000000008a100000|  0%| F|  |TAMS 0x000000008a000000| PB 0x000000008a000000| Untracked 
| 161|0x000000008a100000, 0x000000008a100000, 0x000000008a200000|  0%| F|  |TAMS 0x000000008a100000| PB 0x000000008a100000| Untracked 
| 162|0x000000008a200000, 0x000000008a200000, 0x000000008a300000|  0%| F|  |TAMS 0x000000008a200000| PB 0x000000008a200000| Untracked 
| 163|0x000000008a300000, 0x000000008a300000, 0x000000008a400000|  0%| F|  |TAMS 0x000000008a300000| PB 0x000000008a300000| Untracked 
| 164|0x000000008a400000, 0x000000008a400000, 0x000000008a500000|  0%| F|  |TAMS 0x000000008a400000| PB 0x000000008a400000| Untracked 
| 165|0x000000008a500000, 0x000000008a500000, 0x000000008a600000|  0%| F|  |TAMS 0x000000008a500000| PB 0x000000008a500000| Untracked 
| 166|0x000000008a600000, 0x000000008a600000, 0x000000008a700000|  0%| F|  |TAMS 0x000000008a600000| PB 0x000000008a600000| Untracked 
| 167|0x000000008a700000, 0x000000008a700000, 0x000000008a800000|  0%| F|  |TAMS 0x000000008a700000| PB 0x000000008a700000| Untracked 
| 168|0x000000008a800000, 0x000000008a800000, 0x000000008a900000|  0%| F|  |TAMS 0x000000008a800000| PB 0x000000008a800000| Untracked 
| 169|0x000000008a900000, 0x000000008a900000, 0x000000008aa00000|  0%| F|  |TAMS 0x000000008a900000| PB 0x000000008a900000| Untracked 
| 170|0x000000008aa00000, 0x000000008aa00000, 0x000000008ab00000|  0%| F|  |TAMS 0x000000008aa00000| PB 0x000000008aa00000| Untracked 
| 171|0x000000008ab00000, 0x000000008ab00000, 0x000000008ac00000|  0%| F|  |TAMS 0x000000008ab00000| PB 0x000000008ab00000| Untracked 
| 172|0x000000008ac00000, 0x000000008ac00000, 0x000000008ad00000|  0%| F|  |TAMS 0x000000008ac00000| PB 0x000000008ac00000| Untracked 
| 173|0x000000008ad00000, 0x000000008adf8da8, 0x000000008ae00000| 97%| S|CS|TAMS 0x000000008ad00000| PB 0x000000008ad00000| Complete 
| 174|0x000000008ae00000, 0x000000008af00000, 0x000000008af00000|100%| S|CS|TAMS 0x000000008ae00000| PB 0x000000008ae00000| Complete 
| 175|0x000000008af00000, 0x000000008b000000, 0x000000008b000000|100%| S|CS|TAMS 0x000000008af00000| PB 0x000000008af00000| Complete 
| 176|0x000000008b000000, 0x000000008b100000, 0x000000008b100000|100%| S|CS|TAMS 0x000000008b000000| PB 0x000000008b000000| Complete 
| 177|0x000000008b100000, 0x000000008b200000, 0x000000008b200000|100%| S|CS|TAMS 0x000000008b100000| PB 0x000000008b100000| Complete 
| 178|0x000000008b200000, 0x000000008b300000, 0x000000008b300000|100%| S|CS|TAMS 0x000000008b200000| PB 0x000000008b200000| Complete 
| 179|0x000000008b300000, 0x000000008b300000, 0x000000008b400000|  0%| F|  |TAMS 0x000000008b300000| PB 0x000000008b300000| Untracked 
| 180|0x000000008b400000, 0x000000008b400000, 0x000000008b500000|  0%| F|  |TAMS 0x000000008b400000| PB 0x000000008b400000| Untracked 
| 181|0x000000008b500000, 0x000000008b500000, 0x000000008b600000|  0%| F|  |TAMS 0x000000008b500000| PB 0x000000008b500000| Untracked 
| 182|0x000000008b600000, 0x000000008b600000, 0x000000008b700000|  0%| F|  |TAMS 0x000000008b600000| PB 0x000000008b600000| Untracked 
| 183|0x000000008b700000, 0x000000008b700000, 0x000000008b800000|  0%| F|  |TAMS 0x000000008b700000| PB 0x000000008b700000| Untracked 
| 184|0x000000008b800000, 0x000000008b800000, 0x000000008b900000|  0%| F|  |TAMS 0x000000008b800000| PB 0x000000008b800000| Untracked 
| 185|0x000000008b900000, 0x000000008b900000, 0x000000008ba00000|  0%| F|  |TAMS 0x000000008b900000| PB 0x000000008b900000| Untracked 
| 186|0x000000008ba00000, 0x000000008ba00000, 0x000000008bb00000|  0%| F|  |TAMS 0x000000008ba00000| PB 0x000000008ba00000| Untracked 
| 187|0x000000008bb00000, 0x000000008bb00000, 0x000000008bc00000|  0%| F|  |TAMS 0x000000008bb00000| PB 0x000000008bb00000| Untracked 
| 188|0x000000008bc00000, 0x000000008bc00000, 0x000000008bd00000|  0%| F|  |TAMS 0x000000008bc00000| PB 0x000000008bc00000| Untracked 
| 189|0x000000008bd00000, 0x000000008bd00000, 0x000000008be00000|  0%| F|  |TAMS 0x000000008bd00000| PB 0x000000008bd00000| Untracked 
| 190|0x000000008be00000, 0x000000008be00000, 0x000000008bf00000|  0%| F|  |TAMS 0x000000008be00000| PB 0x000000008be00000| Untracked 
| 191|0x000000008bf00000, 0x000000008bf00000, 0x000000008c000000|  0%| F|  |TAMS 0x000000008bf00000| PB 0x000000008bf00000| Untracked 
| 192|0x000000008c000000, 0x000000008c000000, 0x000000008c100000|  0%| F|  |TAMS 0x000000008c000000| PB 0x000000008c000000| Untracked 
| 193|0x000000008c100000, 0x000000008c100000, 0x000000008c200000|  0%| F|  |TAMS 0x000000008c100000| PB 0x000000008c100000| Untracked 
| 194|0x000000008c200000, 0x000000008c200000, 0x000000008c300000|  0%| F|  |TAMS 0x000000008c200000| PB 0x000000008c200000| Untracked 
| 195|0x000000008c300000, 0x000000008c300000, 0x000000008c400000|  0%| F|  |TAMS 0x000000008c300000| PB 0x000000008c300000| Untracked 
| 196|0x000000008c400000, 0x000000008c400000, 0x000000008c500000|  0%| F|  |TAMS 0x000000008c400000| PB 0x000000008c400000| Untracked 
| 197|0x000000008c500000, 0x000000008c500000, 0x000000008c600000|  0%| F|  |TAMS 0x000000008c500000| PB 0x000000008c500000| Untracked 
| 198|0x000000008c600000, 0x000000008c600000, 0x000000008c700000|  0%| F|  |TAMS 0x000000008c600000| PB 0x000000008c600000| Untracked 
| 199|0x000000008c700000, 0x000000008c700000, 0x000000008c800000|  0%| F|  |TAMS 0x000000008c700000| PB 0x000000008c700000| Untracked 
| 200|0x000000008c800000, 0x000000008c800000, 0x000000008c900000|  0%| F|  |TAMS 0x000000008c800000| PB 0x000000008c800000| Untracked 
| 201|0x000000008c900000, 0x000000008c900000, 0x000000008ca00000|  0%| F|  |TAMS 0x000000008c900000| PB 0x000000008c900000| Untracked 
| 202|0x000000008ca00000, 0x000000008ca00000, 0x000000008cb00000|  0%| F|  |TAMS 0x000000008ca00000| PB 0x000000008ca00000| Untracked 
| 203|0x000000008cb00000, 0x000000008cb00000, 0x000000008cc00000|  0%| F|  |TAMS 0x000000008cb00000| PB 0x000000008cb00000| Untracked 
| 204|0x000000008cc00000, 0x000000008cc00000, 0x000000008cd00000|  0%| F|  |TAMS 0x000000008cc00000| PB 0x000000008cc00000| Untracked 
| 205|0x000000008cd00000, 0x000000008cd00000, 0x000000008ce00000|  0%| F|  |TAMS 0x000000008cd00000| PB 0x000000008cd00000| Untracked 
| 206|0x000000008ce00000, 0x000000008ce00000, 0x000000008cf00000|  0%| F|  |TAMS 0x000000008ce00000| PB 0x000000008ce00000| Untracked 
| 207|0x000000008cf00000, 0x000000008cf00000, 0x000000008d000000|  0%| F|  |TAMS 0x000000008cf00000| PB 0x000000008cf00000| Untracked 
| 208|0x000000008d000000, 0x000000008d000000, 0x000000008d100000|  0%| F|  |TAMS 0x000000008d000000| PB 0x000000008d000000| Untracked 
| 209|0x000000008d100000, 0x000000008d100000, 0x000000008d200000|  0%| F|  |TAMS 0x000000008d100000| PB 0x000000008d100000| Untracked 
| 210|0x000000008d200000, 0x000000008d200000, 0x000000008d300000|  0%| F|  |TAMS 0x000000008d200000| PB 0x000000008d200000| Untracked 
| 211|0x000000008d300000, 0x000000008d300000, 0x000000008d400000|  0%| F|  |TAMS 0x000000008d300000| PB 0x000000008d300000| Untracked 
| 212|0x000000008d400000, 0x000000008d400000, 0x000000008d500000|  0%| F|  |TAMS 0x000000008d400000| PB 0x000000008d400000| Untracked 
| 213|0x000000008d500000, 0x000000008d500000, 0x000000008d600000|  0%| F|  |TAMS 0x000000008d500000| PB 0x000000008d500000| Untracked 
| 214|0x000000008d600000, 0x000000008d600000, 0x000000008d700000|  0%| F|  |TAMS 0x000000008d600000| PB 0x000000008d600000| Untracked 
| 215|0x000000008d700000, 0x000000008d700000, 0x000000008d800000|  0%| F|  |TAMS 0x000000008d700000| PB 0x000000008d700000| Untracked 
| 216|0x000000008d800000, 0x000000008d800000, 0x000000008d900000|  0%| F|  |TAMS 0x000000008d800000| PB 0x000000008d800000| Untracked 
| 217|0x000000008d900000, 0x000000008d900000, 0x000000008da00000|  0%| F|  |TAMS 0x000000008d900000| PB 0x000000008d900000| Untracked 
| 218|0x000000008da00000, 0x000000008da00000, 0x000000008db00000|  0%| F|  |TAMS 0x000000008da00000| PB 0x000000008da00000| Untracked 
| 219|0x000000008db00000, 0x000000008db00000, 0x000000008dc00000|  0%| F|  |TAMS 0x000000008db00000| PB 0x000000008db00000| Untracked 
| 220|0x000000008dc00000, 0x000000008dc00000, 0x000000008dd00000|  0%| F|  |TAMS 0x000000008dc00000| PB 0x000000008dc00000| Untracked 
| 221|0x000000008dd00000, 0x000000008dd00000, 0x000000008de00000|  0%| F|  |TAMS 0x000000008dd00000| PB 0x000000008dd00000| Untracked 
| 222|0x000000008de00000, 0x000000008de00000, 0x000000008df00000|  0%| F|  |TAMS 0x000000008de00000| PB 0x000000008de00000| Untracked 
| 223|0x000000008df00000, 0x000000008e000000, 0x000000008e000000|100%| E|  |TAMS 0x000000008df00000| PB 0x000000008df00000| Complete 
| 224|0x000000008e000000, 0x000000008e100000, 0x000000008e100000|100%| E|CS|TAMS 0x000000008e000000| PB 0x000000008e000000| Complete 
| 225|0x000000008e100000, 0x000000008e200000, 0x000000008e200000|100%| E|CS|TAMS 0x000000008e100000| PB 0x000000008e100000| Complete 
| 226|0x000000008e200000, 0x000000008e300000, 0x000000008e300000|100%| E|CS|TAMS 0x000000008e200000| PB 0x000000008e200000| Complete 
| 227|0x000000008e300000, 0x000000008e400000, 0x000000008e400000|100%| E|CS|TAMS 0x000000008e300000| PB 0x000000008e300000| Complete 
| 228|0x000000008e400000, 0x000000008e500000, 0x000000008e500000|100%| E|CS|TAMS 0x000000008e400000| PB 0x000000008e400000| Complete 
| 229|0x000000008e500000, 0x000000008e600000, 0x000000008e600000|100%| E|CS|TAMS 0x000000008e500000| PB 0x000000008e500000| Complete 
| 230|0x000000008e600000, 0x000000008e700000, 0x000000008e700000|100%| E|CS|TAMS 0x000000008e600000| PB 0x000000008e600000| Complete 
| 231|0x000000008e700000, 0x000000008e800000, 0x000000008e800000|100%| E|CS|TAMS 0x000000008e700000| PB 0x000000008e700000| Complete 
| 232|0x000000008e800000, 0x000000008e900000, 0x000000008e900000|100%| E|CS|TAMS 0x000000008e800000| PB 0x000000008e800000| Complete 
| 233|0x000000008e900000, 0x000000008ea00000, 0x000000008ea00000|100%| E|CS|TAMS 0x000000008e900000| PB 0x000000008e900000| Complete 
| 234|0x000000008ea00000, 0x000000008eb00000, 0x000000008eb00000|100%| E|CS|TAMS 0x000000008ea00000| PB 0x000000008ea00000| Complete 
| 235|0x000000008eb00000, 0x000000008ec00000, 0x000000008ec00000|100%| E|CS|TAMS 0x000000008eb00000| PB 0x000000008eb00000| Complete 
| 236|0x000000008ec00000, 0x000000008ed00000, 0x000000008ed00000|100%| E|CS|TAMS 0x000000008ec00000| PB 0x000000008ec00000| Complete 
| 237|0x000000008ed00000, 0x000000008ee00000, 0x000000008ee00000|100%| E|CS|TAMS 0x000000008ed00000| PB 0x000000008ed00000| Complete 
| 238|0x000000008ee00000, 0x000000008ef00000, 0x000000008ef00000|100%| E|CS|TAMS 0x000000008ee00000| PB 0x000000008ee00000| Complete 
| 239|0x000000008ef00000, 0x000000008f000000, 0x000000008f000000|100%| E|CS|TAMS 0x000000008ef00000| PB 0x000000008ef00000| Complete 
| 240|0x000000008f000000, 0x000000008f100000, 0x000000008f100000|100%| E|CS|TAMS 0x000000008f000000| PB 0x000000008f000000| Complete 
| 241|0x000000008f100000, 0x000000008f200000, 0x000000008f200000|100%| E|CS|TAMS 0x000000008f100000| PB 0x000000008f100000| Complete 
| 242|0x000000008f200000, 0x000000008f300000, 0x000000008f300000|100%| E|CS|TAMS 0x000000008f200000| PB 0x000000008f200000| Complete 
| 243|0x000000008f300000, 0x000000008f400000, 0x000000008f400000|100%| E|CS|TAMS 0x000000008f300000| PB 0x000000008f300000| Complete 
| 244|0x000000008f400000, 0x000000008f500000, 0x000000008f500000|100%| E|CS|TAMS 0x000000008f400000| PB 0x000000008f400000| Complete 
| 245|0x000000008f500000, 0x000000008f600000, 0x000000008f600000|100%| E|CS|TAMS 0x000000008f500000| PB 0x000000008f500000| Complete 
| 246|0x000000008f600000, 0x000000008f700000, 0x000000008f700000|100%| E|CS|TAMS 0x000000008f600000| PB 0x000000008f600000| Complete 
| 247|0x000000008f700000, 0x000000008f800000, 0x000000008f800000|100%| E|CS|TAMS 0x000000008f700000| PB 0x000000008f700000| Complete 
| 248|0x000000008f800000, 0x000000008f900000, 0x000000008f900000|100%| E|CS|TAMS 0x000000008f800000| PB 0x000000008f800000| Complete 
| 249|0x000000008f900000, 0x000000008fa00000, 0x000000008fa00000|100%| E|CS|TAMS 0x000000008f900000| PB 0x000000008f900000| Complete 
| 250|0x000000008fa00000, 0x000000008fb00000, 0x000000008fb00000|100%| E|CS|TAMS 0x000000008fa00000| PB 0x000000008fa00000| Complete 
| 251|0x000000008fb00000, 0x000000008fc00000, 0x000000008fc00000|100%| E|CS|TAMS 0x000000008fb00000| PB 0x000000008fb00000| Complete 
| 252|0x000000008fc00000, 0x000000008fd00000, 0x000000008fd00000|100%| E|CS|TAMS 0x000000008fc00000| PB 0x000000008fc00000| Complete 
| 253|0x000000008fd00000, 0x000000008fe00000, 0x000000008fe00000|100%| E|CS|TAMS 0x000000008fd00000| PB 0x000000008fd00000| Complete 
| 254|0x000000008fe00000, 0x000000008ff00000, 0x000000008ff00000|100%| E|CS|TAMS 0x000000008fe00000| PB 0x000000008fe00000| Complete 
| 411|0x0000000099b00000, 0x0000000099c00000, 0x0000000099c00000|100%| E|CS|TAMS 0x0000000099b00000| PB 0x0000000099b00000| Complete 
| 412|0x0000000099c00000, 0x0000000099d00000, 0x0000000099d00000|100%| E|CS|TAMS 0x0000000099c00000| PB 0x0000000099c00000| Complete 
| 413|0x0000000099d00000, 0x0000000099e00000, 0x0000000099e00000|100%| E|CS|TAMS 0x0000000099d00000| PB 0x0000000099d00000| Complete 
| 414|0x0000000099e00000, 0x0000000099f00000, 0x0000000099f00000|100%| E|CS|TAMS 0x0000000099e00000| PB 0x0000000099e00000| Complete 
| 415|0x0000000099f00000, 0x000000009a000000, 0x000000009a000000|100%| E|CS|TAMS 0x0000000099f00000| PB 0x0000000099f00000| Complete 
| 416|0x000000009a000000, 0x000000009a100000, 0x000000009a100000|100%| E|CS|TAMS 0x000000009a000000| PB 0x000000009a000000| Complete 
| 417|0x000000009a100000, 0x000000009a200000, 0x000000009a200000|100%| E|CS|TAMS 0x000000009a100000| PB 0x000000009a100000| Complete 
| 418|0x000000009a200000, 0x000000009a300000, 0x000000009a300000|100%| E|CS|TAMS 0x000000009a200000| PB 0x000000009a200000| Complete 
| 419|0x000000009a300000, 0x000000009a400000, 0x000000009a400000|100%| E|CS|TAMS 0x000000009a300000| PB 0x000000009a300000| Complete 
| 443|0x000000009bb00000, 0x000000009bc00000, 0x000000009bc00000|100%| E|CS|TAMS 0x000000009bb00000| PB 0x000000009bb00000| Complete 
|2046|0x00000000ffe00000, 0x00000000fff00000, 0x00000000fff00000|100%| E|CS|TAMS 0x00000000ffe00000| PB 0x00000000ffe00000| Complete 
|2047|0x00000000fff00000, 0x0000000100000000, 0x0000000100000000|100%| E|CS|TAMS 0x00000000fff00000| PB 0x00000000fff00000| Complete 

Card table byte_map: [0x000002245fca0000,0x00000224600a0000] _byte_map_base: 0x000002245f8a0000

Marking Bits: (CMBitMap*) 0x000002244cf2a100
 Bits: [0x00000224600a0000, 0x00000224620a0000)

Polling page: 0x000002244ae30000

Metaspace:

Usage:
  Non-class:    117.33 MB used.
      Class:     18.20 MB used.
       Both:    135.53 MB used.

Virtual space:
  Non-class space:      128.00 MB reserved,     118.44 MB ( 93%) committed,  2 nodes.
      Class space:        1.00 GB reserved,      19.31 MB (  2%) committed,  1 nodes.
             Both:        1.12 GB reserved,     137.75 MB ( 12%) committed. 

Chunk freelists:
   Non-Class:  9.12 MB
       Class:  12.50 MB
        Both:  21.62 MB

MaxMetaspaceSize: unlimited
CompressedClassSpaceSize: 1.00 GB
Initial GC threshold: 21.00 MB
Current GC threshold: 229.31 MB
CDS: off
 - commit_granule_bytes: 65536.
 - commit_granule_words: 8192.
 - virtual_space_node_default_size: 8388608.
 - enlarge_chunks_in_place: 1.
 - use_allocation_guard: 0.


Internal statistics:

num_allocs_failed_limit: 9.
num_arena_births: 4392.
num_arena_deaths: 0.
num_vsnodes_births: 3.
num_vsnodes_deaths: 0.
num_space_committed: 2203.
num_space_uncommitted: 0.
num_chunks_returned_to_freelist: 9.
num_chunks_taken_from_freelist: 10297.
num_chunk_merges: 9.
num_chunk_splits: 6809.
num_chunks_enlarged: 4391.
num_inconsistent_stats: 0.

CodeHeap 'non-profiled nmethods': size=119168Kb used=11324Kb max_used=11515Kb free=107843Kb
 bounds [0x0000022457bc0000, 0x0000022458700000, 0x000002245f020000]
CodeHeap 'profiled nmethods': size=119104Kb used=33738Kb max_used=33805Kb free=85365Kb
 bounds [0x0000022450020000, 0x0000022452160000, 0x0000022457470000]
CodeHeap 'non-nmethods': size=7488Kb used=3923Kb max_used=3969Kb free=3564Kb
 bounds [0x0000022457470000, 0x0000022457860000, 0x0000022457bc0000]
 total_blobs=17787 nmethods=16880 adapters=804
 compilation: enabled
              stopped_count=0, restarted_count=0
 full_count=0

Compilation events (20 events):
Event: 52.806 Thread 0x000002246daf86b0 nmethod 19996 0x000002245011f990 code [0x000002245011fc20, 0x0000022450120920]
Event: 52.807 Thread 0x000002246daf7910 nmethod 19992 0x0000022450d11d10 code [0x0000022450d120a0, 0x0000022450d131a8]
Event: 52.807 Thread 0x000002246daf86b0 19995       2       com.android.tools.r8.ir.optimize.t1::a (182 bytes)
Event: 52.807 Thread 0x000002246daf7910 20000       2       com.android.tools.r8.graph.z5::c (11 bytes)
Event: 52.807 Thread 0x000002246daf7910 nmethod 20000 0x0000022450bb3690 code [0x0000022450bb3840, 0x0000022450bb3988]
Event: 52.807 Thread 0x000002246daf7910 19997       2       com.android.tools.r8.graph.i1::a (5 bytes)
Event: 52.807 Thread 0x000002246daf7910 nmethod 19997 0x0000022450c15710 code [0x0000022450c158a0, 0x0000022450c159b0]
Event: 52.807 Thread 0x000002246daf7910 19998       2       com.android.tools.r8.graph.z::a (102 bytes)
Event: 52.808 Thread 0x000002246daf7910 nmethod 19998 0x00000224516ec490 code [0x00000224516ec680, 0x00000224516ec938]
Event: 52.808 Thread 0x000002246daf7910 20001       2       com.android.tools.r8.graph.h0::K0 (72 bytes)
Event: 52.808 Thread 0x000002246daf7910 nmethod 20001 0x0000022450e8e110 code [0x0000022450e8e300, 0x0000022450e8e630]
Event: 52.808 Thread 0x000002246daf86b0 nmethod 19995 0x0000022450151210 code [0x00000224501514c0, 0x0000022450151cd0]
Event: 52.808 Thread 0x000002246daf7910 20002       2       com.android.tools.r8.internal.fi::<init> (130 bytes)
Event: 52.809 Thread 0x000002246daf86b0 20003       2       com.android.tools.r8.internal.vk1::w (73 bytes)
Event: 52.809 Thread 0x000002246daf86b0 nmethod 20003 0x0000022451b0eb90 code [0x0000022451b0ed60, 0x0000022451b0f0a8]
Event: 52.809 Thread 0x000002246daf9450 nmethod 19994 0x0000022450dc9d10 code [0x0000022450dca020, 0x0000022450dcab68]
Event: 52.810 Thread 0x0000022465359670 nmethod 19993 0x000002245214b510 code [0x000002245214b9e0, 0x000002245214d4c8]
Event: 52.810 Thread 0x000002246daf86b0 19999       2       com.android.tools.r8.internal.d41::b (78 bytes)
Event: 52.810 Thread 0x000002246daf7910 nmethod 20002 0x00000224509ba590 code [0x00000224509ba7e0, 0x00000224509baeb8]
Event: 52.810 Thread 0x000002246daf86b0 nmethod 19999 0x0000022450c27b90 code [0x0000022450c27d20, 0x0000022450c27e50]

GC Heap History (20 events):
Event: 30.334 GC heap before
{Heap before GC invocations=23 (full 0):
 garbage-first heap   total 264192K, used 240415K [0x0000000080000000, 0x0000000100000000)
  region size 1024K, 151 young (154624K), 12 survivors (12288K)
 Metaspace       used 118455K, committed 120640K, reserved 1179648K
  class space    used 15907K, committed 17024K, reserved 1048576K
}
Event: 30.348 GC heap after
{Heap after GC invocations=24 (full 0):
 garbage-first heap   total 266240K, used 103834K [0x0000000080000000, 0x0000000100000000)
  region size 1024K, 17 young (17408K), 17 survivors (17408K)
 Metaspace       used 118455K, committed 120640K, reserved 1179648K
  class space    used 15907K, committed 17024K, reserved 1048576K
}
Event: 34.795 GC heap before
{Heap before GC invocations=24 (full 0):
 garbage-first heap   total 266240K, used 233882K [0x0000000080000000, 0x0000000100000000)
  region size 1024K, 145 young (148480K), 17 survivors (17408K)
 Metaspace       used 120191K, committed 122368K, reserved 1179648K
  class space    used 16126K, committed 17216K, reserved 1048576K
}
Event: 34.809 GC heap after
{Heap after GC invocations=25 (full 0):
 garbage-first heap   total 266240K, used 115522K [0x0000000080000000, 0x0000000100000000)
  region size 1024K, 12 young (12288K), 12 survivors (12288K)
 Metaspace       used 120191K, committed 122368K, reserved 1179648K
  class space    used 16126K, committed 17216K, reserved 1048576K
}
Event: 37.982 GC heap before
{Heap before GC invocations=25 (full 0):
 garbage-first heap   total 266240K, used 238402K [0x0000000080000000, 0x0000000100000000)
  region size 1024K, 133 young (136192K), 12 survivors (12288K)
 Metaspace       used 120703K, committed 122880K, reserved 1179648K
  class space    used 16182K, committed 17280K, reserved 1048576K
}
Event: 37.991 GC heap after
{Heap after GC invocations=26 (full 0):
 garbage-first heap   total 266240K, used 122667K [0x0000000080000000, 0x0000000100000000)
  region size 1024K, 9 young (9216K), 9 survivors (9216K)
 Metaspace       used 120703K, committed 122880K, reserved 1179648K
  class space    used 16182K, committed 17280K, reserved 1048576K
}
Event: 40.847 GC heap before
{Heap before GC invocations=27 (full 0):
 garbage-first heap   total 266240K, used 239403K [0x0000000080000000, 0x0000000100000000)
  region size 1024K, 124 young (126976K), 9 survivors (9216K)
 Metaspace       used 121891K, committed 124096K, reserved 1179648K
  class space    used 16403K, committed 17472K, reserved 1048576K
}
Event: 40.859 GC heap after
{Heap after GC invocations=28 (full 0):
 garbage-first heap   total 266240K, used 134009K [0x0000000080000000, 0x0000000100000000)
  region size 1024K, 16 young (16384K), 16 survivors (16384K)
 Metaspace       used 121891K, committed 124096K, reserved 1179648K
  class space    used 16403K, committed 17472K, reserved 1048576K
}
Event: 42.652 GC heap before
{Heap before GC invocations=28 (full 0):
 garbage-first heap   total 266240K, used 236409K [0x0000000080000000, 0x0000000100000000)
  region size 1024K, 116 young (118784K), 16 survivors (16384K)
 Metaspace       used 121955K, committed 124096K, reserved 1179648K
  class space    used 16403K, committed 17472K, reserved 1048576K
}
Event: 42.667 GC heap after
{Heap after GC invocations=29 (full 0):
 garbage-first heap   total 273408K, used 151248K [0x0000000080000000, 0x0000000100000000)
  region size 1024K, 15 young (15360K), 15 survivors (15360K)
 Metaspace       used 121955K, committed 124096K, reserved 1179648K
  class space    used 16403K, committed 17472K, reserved 1048576K
}
Event: 45.965 GC heap before
{Heap before GC invocations=29 (full 0):
 garbage-first heap   total 273408K, used 242384K [0x0000000080000000, 0x0000000100000000)
  region size 1024K, 104 young (106496K), 15 survivors (15360K)
 Metaspace       used 122420K, committed 124672K, reserved 1179648K
  class space    used 16475K, committed 17600K, reserved 1048576K
}
Event: 45.971 GC heap after
{Heap after GC invocations=30 (full 0):
 garbage-first heap   total 273408K, used 151953K [0x0000000080000000, 0x0000000100000000)
  region size 1024K, 7 young (7168K), 7 survivors (7168K)
 Metaspace       used 122420K, committed 124672K, reserved 1179648K
  class space    used 16475K, committed 17600K, reserved 1048576K
}
Event: 48.422 GC heap before
{Heap before GC invocations=31 (full 0):
 garbage-first heap   total 273408K, used 244113K [0x0000000080000000, 0x0000000100000000)
  region size 1024K, 98 young (100352K), 7 survivors (7168K)
 Metaspace       used 129305K, committed 131456K, reserved 1179648K
  class space    used 17428K, committed 18496K, reserved 1048576K
}
Event: 48.428 GC heap after
{Heap after GC invocations=32 (full 0):
 garbage-first heap   total 273408K, used 158010K [0x0000000080000000, 0x0000000100000000)
  region size 1024K, 13 young (13312K), 13 survivors (13312K)
 Metaspace       used 129305K, committed 131456K, reserved 1179648K
  class space    used 17428K, committed 18496K, reserved 1048576K
}
Event: 50.844 GC heap before
{Heap before GC invocations=32 (full 0):
 garbage-first heap   total 273408K, used 244026K [0x0000000080000000, 0x0000000100000000)
  region size 1024K, 98 young (100352K), 13 survivors (13312K)
 Metaspace       used 136980K, committed 139264K, reserved 1179648K
  class space    used 18487K, committed 19648K, reserved 1048576K
}
Event: 50.855 GC heap after
{Heap after GC invocations=33 (full 0):
 garbage-first heap   total 273408K, used 159830K [0x0000000080000000, 0x0000000100000000)
  region size 1024K, 6 young (6144K), 6 survivors (6144K)
 Metaspace       used 136980K, committed 139264K, reserved 1179648K
  class space    used 18487K, committed 19648K, reserved 1048576K
}
Event: 51.986 GC heap before
{Heap before GC invocations=33 (full 0):
 garbage-first heap   total 273408K, used 248918K [0x0000000080000000, 0x0000000100000000)
  region size 1024K, 93 young (95232K), 6 survivors (6144K)
 Metaspace       used 138573K, committed 140864K, reserved 1179648K
  class space    used 18619K, committed 19776K, reserved 1048576K
}
Event: 51.992 GC heap after
{Heap after GC invocations=34 (full 0):
 garbage-first heap   total 273408K, used 160258K [0x0000000080000000, 0x0000000100000000)
  region size 1024K, 7 young (7168K), 7 survivors (7168K)
 Metaspace       used 138573K, committed 140864K, reserved 1179648K
  class space    used 18619K, committed 19776K, reserved 1048576K
}
Event: 52.652 GC heap before
{Heap before GC invocations=35 (full 0):
 garbage-first heap   total 273408K, used 240130K [0x0000000080000000, 0x0000000100000000)
  region size 1024K, 95 young (97280K), 7 survivors (7168K)
 Metaspace       used 138682K, committed 140992K, reserved 1179648K
  class space    used 18628K, committed 19776K, reserved 1048576K
}
Event: 52.657 GC heap after
{Heap after GC invocations=36 (full 0):
 garbage-first heap   total 273408K, used 149612K [0x0000000080000000, 0x0000000100000000)
  region size 1024K, 6 young (6144K), 6 survivors (6144K)
 Metaspace       used 138682K, committed 140992K, reserved 1179648K
  class space    used 18628K, committed 19776K, reserved 1048576K
}

Dll operation events (3 events):
Event: 0.029 Loaded shared library C:\Program Files\Android\Android Studio2\jbr\bin\java.dll
Event: 0.043 Loaded shared library C:\Program Files\Android\Android Studio2\jbr\bin\zip.dll
Event: 1.364 Loaded shared library C:\Program Files\Android\Android Studio2\jbr\bin\verify.dll

Deoptimization events (20 events):
Event: 52.712 Thread 0x000002247184fd20 Uncommon trap: trap_request=0xffffff6e fr.pc=0x0000022458156e70 relative=0x0000000000004690
Event: 52.712 Thread 0x000002247184fd20 Uncommon trap: reason=loop_limit_check action=maybe_recompile pc=0x0000022458156e70 method=com.android.tools.r8.internal.di1.remove(I)Z @ 1558 c2
Event: 52.712 Thread 0x000002247184fd20 DEOPT PACKING pc=0x0000022458156e70 sp=0x000000a19fdfb7d0
Event: 52.712 Thread 0x000002247184fd20 DEOPT UNPACKING pc=0x00000224574c46a2 sp=0x000000a19fdfb7a0 mode 2
Event: 52.721 Thread 0x000002247184fd20 Uncommon trap: trap_request=0xffffff45 fr.pc=0x00000224583916b8 relative=0x0000000000000858
Event: 52.721 Thread 0x000002247184fd20 Uncommon trap: reason=unstable_if action=reinterpret pc=0x00000224583916b8 method=com.android.tools.r8.internal.fn.e(I)Lcom/android/tools/r8/graph/j1; @ 5 c2
Event: 52.721 Thread 0x000002247184fd20 DEOPT PACKING pc=0x00000224583916b8 sp=0x000000a19fdfc500
Event: 52.721 Thread 0x000002247184fd20 DEOPT UNPACKING pc=0x00000224574c46a2 sp=0x000000a19fdfc470 mode 2
Event: 52.721 Thread 0x000002247184fd20 Uncommon trap: trap_request=0xffffff45 fr.pc=0x0000022458487f60 relative=0x0000000000002220
Event: 52.721 Thread 0x000002247184fd20 Uncommon trap: reason=unstable_if action=reinterpret pc=0x0000022458487f60 method=com.android.tools.r8.internal.fn.e()Lcom/android/tools/r8/internal/ji; @ 4 c2
Event: 52.721 Thread 0x000002247184fd20 DEOPT PACKING pc=0x0000022458487f60 sp=0x000000a19fdfc4c0
Event: 52.721 Thread 0x000002247184fd20 DEOPT UNPACKING pc=0x00000224574c46a2 sp=0x000000a19fdfc428 mode 2
Event: 52.721 Thread 0x000002247184fd20 Uncommon trap: trap_request=0xffffff45 fr.pc=0x000002245817296c relative=0x00000000000027ec
Event: 52.721 Thread 0x000002247184fd20 Uncommon trap: reason=unstable_if action=reinterpret pc=0x000002245817296c method=com.android.tools.r8.internal.fn.a(I)Lcom/android/tools/r8/internal/jw2; @ 3 c2
Event: 52.721 Thread 0x000002247184fd20 DEOPT PACKING pc=0x000002245817296c sp=0x000000a19fdfc620
Event: 52.721 Thread 0x000002247184fd20 DEOPT UNPACKING pc=0x00000224574c46a2 sp=0x000000a19fdfc638 mode 2
Event: 52.756 Thread 0x000002247184fd20 DEOPT PACKING pc=0x00000224509d63e7 sp=0x000000a19fdfb6e0
Event: 52.756 Thread 0x000002247184fd20 DEOPT UNPACKING pc=0x00000224574c4e42 sp=0x000000a19fdfac78 mode 0
Event: 52.797 Thread 0x000002247184fd20 DEOPT PACKING pc=0x00000224521081a1 sp=0x000000a19fdfc0b0
Event: 52.797 Thread 0x000002247184fd20 DEOPT UNPACKING pc=0x00000224574c4e42 sp=0x000000a19fdfb5c0 mode 0

Classes loaded (20 events):
Event: 49.786 Loading class java/util/IdentityHashMap$IdentityHashMapSpliterator done
Event: 49.786 Loading class java/util/IdentityHashMap$EntrySpliterator done
Event: 49.788 Loading class java/util/stream/SortedOps$RefSortingSink
Event: 49.788 Loading class java/util/stream/SortedOps$RefSortingSink done
Event: 49.827 Loading class java/util/SortedSet$1
Event: 49.827 Loading class java/util/SortedSet$1 done
Event: 49.832 Loading class java/util/stream/SliceOps
Event: 49.833 Loading class java/util/stream/SliceOps done
Event: 49.833 Loading class java/util/stream/SliceOps$1
Event: 49.833 Loading class java/util/stream/SliceOps$1 done
Event: 49.834 Loading class java/util/stream/SliceOps$1$1
Event: 49.834 Loading class java/util/stream/SliceOps$1$1 done
Event: 49.864 Loading class java/util/PriorityQueue
Event: 49.865 Loading class java/util/PriorityQueue done
Event: 50.363 Loading class java/util/IdentityHashMap$ValueIterator
Event: 50.363 Loading class java/util/IdentityHashMap$ValueIterator done
Event: 50.683 Loading class java/util/concurrent/ConcurrentHashMap$TreeNode
Event: 50.683 Loading class java/util/concurrent/ConcurrentHashMap$TreeNode done
Event: 50.683 Loading class java/util/concurrent/ConcurrentHashMap$TreeBin
Event: 50.684 Loading class java/util/concurrent/ConcurrentHashMap$TreeBin done

Classes unloaded (0 events):
No events

Classes redefined (0 events):
No events

Internal exceptions (20 events):
Event: 40.189 Thread 0x000002247184fd20 Implicit null exception at 0x000002245801b815 to 0x000002245801de4c
Event: 46.324 Thread 0x000002246f06f3c0 Implicit null exception at 0x0000022457dbe113 to 0x0000022457dbf090
Event: 46.457 Thread 0x000002246f06f3c0 Exception <a 'java/lang/NoSuchMethodError'{0x000000008f01a2c8}: static Lcom/android/build/gradle/internal/tasks/DexArchiveBuilderTaskDelegate$ClasspathServiceKey;.<clinit>()V> (0x000000008f01a2c8) 
thrown [s\src\hotspot\share\prims\jni.cpp, line 1139]
Event: 47.590 Thread 0x000002247184fd20 Exception <a 'java/lang/NoSuchMethodError'{0x000000008c9af610}: 'java.lang.Object java.lang.invoke.DirectMethodHandle$Holder.invokeStaticInit(java.lang.Object, java.lang.Object, java.lang.Object, java.lang.Object, java.lang.Object, java.lang.Object, java.lang.Object, java.lang.Object, java.lang.Object, java.lang.Object, java.lang.Object, java.lang.Object, java.lang.Object, java.lang.Object, java.lang.Object, java.lang.Object, java.lang.Object, java.lang.Object, java.lang.Object, java.lang.Object, int, java
Event: 47.591 Thread 0x000002247184fd20 Exception <a 'java/lang/IncompatibleClassChangeError'{0x000000008c9c59f8}: Found class java.lang.Object, but interface was expected> (0x000000008c9c59f8) 
thrown [s\src\hotspot\share\interpreter\linkResolver.cpp, line 851]
Event: 47.592 Thread 0x000002247184fd20 Exception <a 'java/lang/IncompatibleClassChangeError'{0x000000008c9cf390}: Found class java.lang.Object, but interface was expected> (0x000000008c9cf390) 
thrown [s\src\hotspot\share\interpreter\linkResolver.cpp, line 851]
Event: 47.656 Thread 0x000002247184fd20 Exception <a 'java/lang/IncompatibleClassChangeError'{0x000000008c7a7b08}: Found class java.lang.Object, but interface was expected> (0x000000008c7a7b08) 
thrown [s\src\hotspot\share\interpreter\linkResolver.cpp, line 851]
Event: 48.247 Thread 0x000002247184fd20 Exception <a 'java/lang/IncompatibleClassChangeError'{0x000000008b3ecba8}: Found class java.lang.Object, but interface was expected> (0x000000008b3ecba8) 
thrown [s\src\hotspot\share\interpreter\linkResolver.cpp, line 851]
Event: 48.249 Thread 0x000002247184fd20 Exception <a 'java/lang/NoSuchMethodError'{0x000000008b3f4518}: 'void java.lang.invoke.DirectMethodHandle$Holder.invokeInterface(java.lang.Object, java.lang.Object, java.lang.Object, int)'> (0x000000008b3f4518) 
thrown [s\src\hotspot\share\interpreter\linkResolver.cpp, line 784]
Event: 48.927 Thread 0x000002247184fd20 Exception <a 'java/lang/NoSuchMethodError'{0x000000008f16a600}: 'java.lang.Object java.lang.invoke.DirectMethodHandle$Holder.invokeStatic(java.lang.Object, int, java.lang.Object, java.lang.Object)'> (0x000000008f16a600) 
thrown [s\src\hotspot\share\interpreter\linkResolver.cpp, line 784]
Event: 49.557 Thread 0x000002247184fd20 Exception <a 'java/lang/IncompatibleClassChangeError'{0x000000008df98838}: Found class java.lang.Object, but interface was expected> (0x000000008df98838) 
thrown [s\src\hotspot\share\interpreter\linkResolver.cpp, line 851]
Event: 49.557 Thread 0x000002247184fd20 Exception <a 'java/lang/IncompatibleClassChangeError'{0x000000008df9c8b0}: Found class java.lang.Object, but interface was expected> (0x000000008df9c8b0) 
thrown [s\src\hotspot\share\interpreter\linkResolver.cpp, line 851]
Event: 49.722 Thread 0x000002247184fd20 Exception <a 'java/lang/NoSuchMethodError'{0x000000008d907270}: 'void java.lang.invoke.DirectMethodHandle$Holder.invokeSpecial(java.lang.Object, java.lang.Object, int, java.lang.Object)'> (0x000000008d907270) 
thrown [s\src\hotspot\share\interpreter\linkResolver.cpp, line 784]
Event: 49.897 Thread 0x000002247184fd20 Exception <a 'java/lang/NoSuchMethodError'{0x000000008d4ee438}: 'void java.lang.invoke.DirectMethodHandle$Holder.invokeVirtual(java.lang.Object, java.lang.Object, int)'> (0x000000008d4ee438) 
thrown [s\src\hotspot\share\interpreter\linkResolver.cpp, line 784]
Event: 49.935 Thread 0x000002247184fd20 Exception <a 'java/lang/NoSuchMethodError'{0x000000008d214070}: 'int java.lang.invoke.DirectMethodHandle$Holder.invokeSpecial(java.lang.Object, java.lang.Object, java.lang.Object, int, java.lang.Object)'> (0x000000008d214070) 
thrown [s\src\hotspot\share\interpreter\linkResolver.cpp, line 784]
Event: 50.177 Thread 0x000002247184fd20 Exception <a 'java/lang/NoSuchMethodError'{0x000000008cc808d0}: 'long java.lang.invoke.DirectMethodHandle$Holder.invokeStatic(java.lang.Object, java.lang.Object)'> (0x000000008cc808d0) 
thrown [s\src\hotspot\share\interpreter\linkResolver.cpp, line 784]
Event: 50.244 Thread 0x000002247184fd20 Exception <a 'java/lang/NoSuchMethodError'{0x000000008c9ed420}: 'int java.lang.invoke.DirectMethodHandle$Holder.invokeInterface(java.lang.Object, java.lang.Object, int)'> (0x000000008c9ed420) 
thrown [s\src\hotspot\share\interpreter\linkResolver.cpp, line 784]
Event: 50.314 Thread 0x000002247184fd20 Exception <a 'java/lang/NoSuchMethodError'{0x000000008c65f960}: 'void java.lang.invoke.DirectMethodHandle$Holder.invokeStatic(java.lang.Object, int)'> (0x000000008c65f960) 
thrown [s\src\hotspot\share\interpreter\linkResolver.cpp, line 784]
Event: 50.962 Thread 0x000002247184fd20 Exception <a 'java/lang/NoSuchMethodError'{0x0000000099ea4218}: 'java.lang.Object java.lang.invoke.DirectMethodHandle$Holder.invokeInterface(java.lang.Object, java.lang.Object, int)'> (0x0000000099ea4218) 
thrown [s\src\hotspot\share\interpreter\linkResolver.cpp, line 784]
Event: 51.948 Thread 0x000002247184fd20 Exception <a 'java/lang/IncompatibleClassChangeError'{0x000000008ad052d0}: Found class java.lang.Object, but interface was expected> (0x000000008ad052d0) 
thrown [s\src\hotspot\share\interpreter\linkResolver.cpp, line 851]

ZGC Phase Switch (0 events):
No events

VM Operations (20 events):
Event: 51.473 Executing VM operation: ICBufferFull
Event: 51.473 Executing VM operation: ICBufferFull done
Event: 51.544 Executing VM operation: HandshakeAllThreads (Deoptimize)
Event: 51.544 Executing VM operation: HandshakeAllThreads (Deoptimize) done
Event: 51.688 Executing VM operation: HandshakeAllThreads (Deoptimize)
Event: 51.688 Executing VM operation: HandshakeAllThreads (Deoptimize) done
Event: 51.871 Executing VM operation: ICBufferFull
Event: 51.871 Executing VM operation: ICBufferFull done
Event: 51.928 Executing VM operation: HandshakeAllThreads (Deoptimize)
Event: 51.928 Executing VM operation: HandshakeAllThreads (Deoptimize) done
Event: 51.986 Executing VM operation: G1CollectForAllocation (G1 Evacuation Pause)
Event: 51.992 Executing VM operation: G1CollectForAllocation (G1 Evacuation Pause) done
Event: 52.117 Executing VM operation: G1PauseRemark
Event: 52.126 Executing VM operation: G1PauseRemark done
Event: 52.172 Executing VM operation: G1PauseCleanup
Event: 52.173 Executing VM operation: G1PauseCleanup done
Event: 52.501 Executing VM operation: ICBufferFull
Event: 52.502 Executing VM operation: ICBufferFull done
Event: 52.652 Executing VM operation: G1CollectForAllocation (G1 Evacuation Pause)
Event: 52.658 Executing VM operation: G1CollectForAllocation (G1 Evacuation Pause) done

Memory protections (0 events):
No events

Nmethod flushes (20 events):
Event: 52.124 Thread 0x00000224652db860 flushing  nmethod 0x0000022458314990
Event: 52.124 Thread 0x00000224652db860 flushing  nmethod 0x00000224584f5e10
Event: 52.124 Thread 0x00000224652db860 flushing  nmethod 0x000002245002ec10
Event: 52.124 Thread 0x00000224652db860 flushing  nmethod 0x0000022450260d90
Event: 52.124 Thread 0x00000224652db860 flushing  nmethod 0x000002245026a010
Event: 52.124 Thread 0x00000224652db860 flushing  nmethod 0x0000022450431a90
Event: 52.124 Thread 0x00000224652db860 flushing  nmethod 0x00000224507d4790
Event: 52.124 Thread 0x00000224652db860 flushing  nmethod 0x0000022450869710
Event: 52.124 Thread 0x00000224652db860 flushing  nmethod 0x000002245086ba10
Event: 52.124 Thread 0x00000224652db860 flushing  nmethod 0x00000224508d6d10
Event: 52.124 Thread 0x00000224652db860 flushing  nmethod 0x0000022450a4cf90
Event: 52.124 Thread 0x00000224652db860 flushing  nmethod 0x0000022450a4eb90
Event: 52.124 Thread 0x00000224652db860 flushing  nmethod 0x0000022450a50090
Event: 52.124 Thread 0x00000224652db860 flushing  nmethod 0x0000022450da5b90
Event: 52.124 Thread 0x00000224652db860 flushing  nmethod 0x0000022450e77990
Event: 52.124 Thread 0x00000224652db860 flushing  nmethod 0x0000022451188c10
Event: 52.124 Thread 0x00000224652db860 flushing  nmethod 0x000002245118c910
Event: 52.124 Thread 0x00000224652db860 flushing  nmethod 0x000002245118e090
Event: 52.124 Thread 0x00000224652db860 flushing  nmethod 0x0000022451420e10
Event: 52.124 Thread 0x00000224652db860 flushing  nmethod 0x00000224518b2a10

Events (20 events):
Event: 47.938 Thread 0x000002246daf7910 Thread added: 0x000002246daf86b0
Event: 47.938 Thread 0x000002246daf7910 Thread added: 0x000002246daf9450
Event: 48.109 Thread 0x000002246daf9b20 Thread exited: 0x000002246daf9b20
Event: 48.464 Thread 0x0000022465358ea0 Thread added: 0x000002246daf6b70
Event: 48.513 Thread 0x0000022465359670 Thread added: 0x000002246daf9b20
Event: 48.517 Thread 0x000002246daf86b0 Thread added: 0x000002246daf7fe0
Event: 48.534 Thread 0x000002246daf86b0 Thread added: 0x000002246daf7240
Event: 48.902 Thread 0x000002246daf7240 Thread exited: 0x000002246daf7240
Event: 49.324 Thread 0x000002246daf7fe0 Thread exited: 0x000002246daf7fe0
Event: 49.324 Thread 0x000002246daf9b20 Thread exited: 0x000002246daf9b20
Event: 49.324 Thread 0x000002246daf6b70 Thread exited: 0x000002246daf6b70
Event: 49.333 Thread 0x000002246daf7910 Thread added: 0x000002246daf9b20
Event: 49.340 Thread 0x000002246daf9450 Thread added: 0x000002246daf6b70
Event: 49.355 Thread 0x000002246daf9b20 Thread added: 0x000002246dafa1f0
Event: 49.680 Thread 0x000002246dafa1f0 Thread exited: 0x000002246dafa1f0
Event: 50.225 Thread 0x000002246daf86b0 Thread added: 0x000002246dafa1f0
Event: 51.633 Thread 0x000002246daf86b0 Thread added: 0x000002246dafc400
Event: 51.721 Thread 0x000002246daf9450 Thread added: 0x000002246dafaf90
Event: 51.750 Thread 0x000002246daf86b0 Thread added: 0x000002246dafbd30
Event: 51.773 Thread 0x0000022465359670 Thread added: 0x000002246dafb660


Dynamic libraries:
0x00007ff62ac10000 - 0x00007ff62ac1a000 	C:\Program Files\Android\Android Studio2\jbr\bin\java.exe
0x00007ffb90c80000 - 0x00007ffb90ee7000 	C:\WINDOWS\SYSTEM32\ntdll.dll
0x00007ffb8edb0000 - 0x00007ffb8ee7b000 	C:\WINDOWS\System32\KERNEL32.DLL
0x00007ffb8e400000 - 0x00007ffb8e802000 	C:\WINDOWS\System32\KERNELBASE.dll
0x00007ffb8de80000 - 0x00007ffb8dfcc000 	C:\WINDOWS\System32\ucrtbase.dll
0x00007ffb61f60000 - 0x00007ffb61f7b000 	C:\Program Files\Android\Android Studio2\jbr\bin\VCRUNTIME140.dll
0x00007ffb61f80000 - 0x00007ffb61f98000 	C:\Program Files\Android\Android Studio2\jbr\bin\jli.dll
0x00007ffb8fb10000 - 0x00007ffb8fcdf000 	C:\WINDOWS\System32\USER32.dll
0x00007ffb8e0a0000 - 0x00007ffb8e0c7000 	C:\WINDOWS\System32\win32u.dll
0x00007ffb905f0000 - 0x00007ffb9061b000 	C:\WINDOWS\System32\GDI32.dll
0x00007ffb76380000 - 0x00007ffb76610000 	C:\WINDOWS\WinSxS\amd64_microsoft.windows.common-controls_6595b64144ccf1df_6.0.26100.9278_none_3e0d1ba8e3303201\COMCTL32.dll
0x00007ffb8e220000 - 0x00007ffb8e349000 	C:\WINDOWS\System32\gdi32full.dll
0x00007ffb8ef50000 - 0x00007ffb8eff9000 	C:\WINDOWS\System32\msvcrt.dll
0x00007ffb8e350000 - 0x00007ffb8e3f3000 	C:\WINDOWS\System32\msvcp_win.dll
0x00007ffb8fcf0000 - 0x00007ffb8fd21000 	C:\WINDOWS\System32\IMM32.DLL
0x00007ffb6a540000 - 0x00007ffb6a54c000 	C:\Program Files\Android\Android Studio2\jbr\bin\vcruntime140_1.dll
0x00007ffb61cd0000 - 0x00007ffb61d5d000 	C:\Program Files\Android\Android Studio2\jbr\bin\msvcp140.dll
0x00007ffaacd00000 - 0x00007ffaad98b000 	C:\Program Files\Android\Android Studio2\jbr\bin\server\jvm.dll
0x00007ffb8ebd0000 - 0x00007ffb8ec8c000 	C:\WINDOWS\System32\ADVAPI32.dll
0x00007ffb90b90000 - 0x00007ffb90c39000 	C:\WINDOWS\System32\sechost.dll
0x00007ffb904d0000 - 0x00007ffb905e8000 	C:\WINDOWS\System32\RPCRT4.dll
0x00007ffb90ae0000 - 0x00007ffb90b60000 	C:\WINDOWS\System32\WS2_32.dll
0x00007ffb8dce0000 - 0x00007ffb8dd3e000 	C:\WINDOWS\SYSTEM32\POWRPROF.dll
0x00007ffb824b0000 - 0x00007ffb824e6000 	C:\WINDOWS\SYSTEM32\WINMM.dll
0x00007ffb7e030000 - 0x00007ffb7e03b000 	C:\WINDOWS\SYSTEM32\VERSION.dll
0x00007ffb8dcc0000 - 0x00007ffb8dcd5000 	C:\WINDOWS\SYSTEM32\UMPDC.dll
0x00007ffb8cb50000 - 0x00007ffb8cb6b000 	C:\WINDOWS\SYSTEM32\kernel.appcore.dll
0x00007ffb6a400000 - 0x00007ffb6a40a000 	C:\Program Files\Android\Android Studio2\jbr\bin\jimage.dll
0x00007ffb8b470000 - 0x00007ffb8b6bc000 	C:\WINDOWS\SYSTEM32\DBGHELP.DLL
0x00007ffb90740000 - 0x00007ffb90ac5000 	C:\WINDOWS\System32\combase.dll
0x00007ffb8f9b0000 - 0x00007ffb8fa89000 	C:\WINDOWS\System32\OLEAUT32.dll
0x00007ffb5d300000 - 0x00007ffb5d33b000 	C:\WINDOWS\SYSTEM32\dbgcore.DLL
0x00007ffb8dfe0000 - 0x00007ffb8e08c000 	C:\WINDOWS\System32\bcryptPrimitives.dll
0x00007ffb628d0000 - 0x00007ffb628de000 	C:\Program Files\Android\Android Studio2\jbr\bin\instrument.dll
0x00007ffb61f40000 - 0x00007ffb61f60000 	C:\Program Files\Android\Android Studio2\jbr\bin\java.dll
0x00007ffb61c60000 - 0x00007ffb61c78000 	C:\Program Files\Android\Android Studio2\jbr\bin\zip.dll
0x00007ffb8fd30000 - 0x00007ffb904c8000 	C:\WINDOWS\System32\SHELL32.dll
0x00007ffb8b8b0000 - 0x00007ffb8c15e000 	C:\WINDOWS\SYSTEM32\windows.storage.dll
0x00007ffb8f240000 - 0x00007ffb8f33b000 	C:\WINDOWS\System32\SHCORE.dll
0x00007ffb8faa0000 - 0x00007ffb8fb06000 	C:\WINDOWS\System32\shlwapi.dll
0x00007ffb8dda0000 - 0x00007ffb8ddc9000 	C:\WINDOWS\SYSTEM32\profapi.dll
0x00007ffb68fe0000 - 0x00007ffb68ff0000 	C:\Program Files\Android\Android Studio2\jbr\bin\net.dll
0x00007ffb813d0000 - 0x00007ffb814fa000 	C:\WINDOWS\SYSTEM32\WINHTTP.dll
0x00007ffb8d110000 - 0x00007ffb8d17c000 	C:\WINDOWS\system32\mswsock.dll
0x00007ffb61c40000 - 0x00007ffb61c56000 	C:\Program Files\Android\Android Studio2\jbr\bin\nio.dll
0x00007ffb68790000 - 0x00007ffb687a0000 	C:\Program Files\Android\Android Studio2\jbr\bin\verify.dll
0x00007ffb61840000 - 0x00007ffb61867000 	C:\Users\manis\.gradle\native\1def1411415f61bf3af743bc5b6707747c0891f09f0c88961ee8f79bc544acac\windows-amd64\native-platform.dll
0x00007ffb5f1a0000 - 0x00007ffb5f218000 	C:\Users\manis\.gradle\native\0.2.7\x86_64-windows-gnu\gradle-fileevents.dll
0x00007ffb64ac0000 - 0x00007ffb64ac9000 	C:\Program Files\Android\Android Studio2\jbr\bin\management.dll
0x00007ffb649b0000 - 0x00007ffb649bb000 	C:\Program Files\Android\Android Studio2\jbr\bin\management_ext.dll
0x00007ffb90ad0000 - 0x00007ffb90ad8000 	C:\WINDOWS\System32\PSAPI.DLL
0x00007ffb8c520000 - 0x00007ffb8c553000 	C:\WINDOWS\SYSTEM32\IPHLPAPI.DLL
0x00007ffb8ee80000 - 0x00007ffb8ee8a000 	C:\WINDOWS\System32\NSI.dll
0x00007ffb64950000 - 0x00007ffb64959000 	C:\Program Files\Android\Android Studio2\jbr\bin\extnet.dll
0x00007ffb8d400000 - 0x00007ffb8d41b000 	C:\WINDOWS\SYSTEM32\CRYPTSP.dll
0x00007ffb8cab0000 - 0x00007ffb8cae9000 	C:\WINDOWS\system32\rsaenh.dll
0x00007ffb8d1c0000 - 0x00007ffb8d1f4000 	C:\WINDOWS\SYSTEM32\USERENV.dll
0x00007ffb8dd70000 - 0x00007ffb8dd9a000 	C:\WINDOWS\SYSTEM32\bcrypt.dll
0x00007ffb8d420000 - 0x00007ffb8d42c000 	C:\WINDOWS\SYSTEM32\CRYPTBASE.dll
0x00007ffb43550000 - 0x00007ffb43558000 	C:\WINDOWS\system32\wshunix.dll

dbghelp: loaded successfully - version: 4.0.5 - missing functions: none
symbol engine: initialized successfully - sym options: 0x614 - pdb path: .;C:\Program Files\Android\Android Studio2\jbr\bin;C:\WINDOWS\SYSTEM32;C:\WINDOWS\WinSxS\amd64_microsoft.windows.common-controls_6595b64144ccf1df_6.0.26100.9278_none_3e0d1ba8e3303201;C:\Program Files\Android\Android Studio2\jbr\bin\server;C:\Users\manis\.gradle\native\1def1411415f61bf3af743bc5b6707747c0891f09f0c88961ee8f79bc544acac\windows-amd64;C:\Users\manis\.gradle\native\0.2.7\x86_64-windows-gnu

VM Arguments:
jvm_args: --add-opens=java.base/java.lang=ALL-UNNAMED --add-opens=java.base/java.lang.invoke=ALL-UNNAMED --add-opens=java.base/java.util=ALL-UNNAMED --add-opens=java.prefs/java.util.prefs=ALL-UNNAMED --add-exports=jdk.compiler/com.sun.tools.javac.api=ALL-UNNAMED --add-exports=jdk.compiler/com.sun.tools.javac.util=ALL-UNNAMED --add-opens=java.base/java.util=ALL-UNNAMED --add-opens=java.prefs/java.util.prefs=ALL-UNNAMED --add-opens=java.base/java.nio.charset=ALL-UNNAMED --add-opens=java.base/java.net=ALL-UNNAMED --add-opens=java.base/java.util.concurrent.atomic=ALL-UNNAMED --add-opens=java.xml/javax.xml.namespace=ALL-UNNAMED -Xmx2048m -Dfile.encoding=UTF-8 -Duser.country=KR -Duser.language=ko -Duser.variant -javaagent:C:\Users\manis\.gradle\wrapper\dists\gradle-8.13-bin\5xuhj0ry160q40clulazy9h7d\gradle-8.13\lib\agents\gradle-instrumentation-agent-8.13.jar 
java_command: org.gradle.launcher.daemon.bootstrap.GradleDaemon 8.13
java_class_path (initial): C:\Users\manis\.gradle\wrapper\dists\gradle-8.13-bin\5xuhj0ry160q40clulazy9h7d\gradle-8.13\lib\gradle-daemon-main-8.13.jar
Launcher Type: SUN_STANDARD

[Global flags]
     intx CICompilerCount                          = 12                                        {product} {ergonomic}
     uint ConcGCThreads                            = 3                                         {product} {ergonomic}
     uint G1ConcRefinementThreads                  = 13                                        {product} {ergonomic}
   size_t G1HeapRegionSize                         = 1048576                                   {product} {ergonomic}
    uintx GCDrainStackTargetSize                   = 64                                        {product} {ergonomic}
   size_t InitialHeapSize                          = 465567744                                 {product} {ergonomic}
   size_t MarkStackSize                            = 4194304                                   {product} {ergonomic}
   size_t MaxHeapSize                              = 2147483648                                {product} {command line}
   size_t MaxNewSize                               = 1287651328                                {product} {ergonomic}
   size_t MinHeapDeltaBytes                        = 1048576                                   {product} {ergonomic}
   size_t MinHeapSize                              = 8388608                                   {product} {ergonomic}
    uintx NonNMethodCodeHeapSize                   = 7602480                                {pd product} {ergonomic}
    uintx NonProfiledCodeHeapSize                  = 122027880                              {pd product} {ergonomic}
    uintx ProfiledCodeHeapSize                     = 122027880                              {pd product} {ergonomic}
    uintx ReservedCodeCacheSize                    = 251658240                              {pd product} {ergonomic}
     bool SegmentedCodeCache                       = true                                      {product} {ergonomic}
   size_t SoftMaxHeapSize                          = 2147483648                             {manageable} {ergonomic}
     bool UseCompressedOops                        = true                           {product lp64_product} {ergonomic}
     bool UseG1GC                                  = true                                      {product} {ergonomic}
     bool UseLargePagesIndividualAllocation        = false                                  {pd product} {ergonomic}

Logging:
Log output configuration:
 #0: stdout all=warning uptime,level,tags foldmultilines=false
 #1: stderr all=off uptime,level,tags foldmultilines=false

Environment Variables:
JAVA_HOME=C:\Program Files\Android\Android Studio2\jbr
CLASSPATH=C:\Users\manis\Kotlin_project\ScreenTimeManager\\gradle\wrapper\gradle-wrapper.jar
PATH=C:\Users\manis\.cache\codex-runtimes\codex-primary-runtime\dependencies\native\powershell;C:\Users\manis\.codex\tmp\arg0\codex-arg01X0qV4;C:\Users\manis\.cache\codex-runtimes\codex-primary-runtime\dependencies\native\libheif\libheif\bin;C:\Users\manis\.cache\codex-runtimes\codex-primary-runtime\dependencies\native\jxrlib\jxrlib\bin;C:\Users\manis\.cache\codex-runtimes\codex-primary-runtime\dependencies\native\poppler\Library\bin;C:\Users\manis\.cache\codex-runtimes\codex-primary-runtime\dependencies\bin\override;C:\WINDOWS\system32;C:\WINDOWS;C:\WINDOWS\System32\Wbem;C:\WINDOWS\System32\WindowsPowerShell\v1.0\;C:\WINDOWS\System32\OpenSSH\;C:\Program Files\Git\cmd;C:\Program Files\nodejs\;C:\Program Files (x86)\ePapyrus\Papyrus-PlugIn-web;C:\Program Files (x86)\ePapyrus\Papyrus-PlugIn-web\Addins;C:\Program Files\Android\Android Studio\jbr\bin;C:\Program Files\dotnet\;C:\Program Files\Android\Android Studio2\jbr\bin;C:\Program Files (x86)\Windows Kits\10\Windows Performance Toolkit\;C:\Users\manis\AppData\Local\Programs\Python\Python312\Scripts\;C:\Users\manis\AppData\Local\Programs\Python\Python312\;C:\Users\manis\AppData\Local\Programs\Python\Launcher\;C:\Users\manis\.cache\codex-runtimes\codex-primary-runtime\dependencies\native\powershell;C:\Users\manis\AppData\Local\Microsoft\WindowsApps;C:\Users\manis\AppData\Local\Programs\Microsoft VS Code\bin;C:\flutter\bin;C:\Users\manis\AppData\Local\Pub\Cache\bin;C:\Users\manis\AppData\Roaming\npm;C:\Users\manis\AppData\Local\Programs\Ollama;C:\Users\manis\.dotnet\tools;C:\Users\manis\AppData\Local\Programs\Antigravity\bin;C:\Users\manis\.cache\codex-runtimes\codex-primary-runtime\dependencies\bin\fallback;C:\Users\manis\.cache\codex-runtimes\codex-primary-runtime\dependencies\node\bin;C:\Users\manis\.cache\codex-runtimes\codex-primary-runtime\dependencies\native\git\cmd;C:\Users\manis\AppData\Local\OpenAI\Codex\bin\116cfc4fd47f015a;C:\Users\manis\AppData\Local\OpenAI\Codex\bin\bffc5354119c8421
USERNAME=manis
LANG=C.UTF-8
LC_ALL=C.UTF-8
LC_CTYPE=C.UTF-8
TERM=dumb
OS=Windows_NT
PROCESSOR_IDENTIFIER=AMD64 Family 25 Model 68 Stepping 1, AuthenticAMD
TMP=C:\Users\manis\AppData\Local\Temp
TEMP=C:\Users\manis\AppData\Local\Temp




Periodic native trim disabled

JNI global refs:
JNI global refs: 44, weak refs: 39

JNI global refs memory usage: 835, weak refs: 833

Process memory usage:
Resident Set Size: 751600K (2% of 29037512K total physical memory with 16089044K free physical memory)

OOME stack traces (most recent first):
Classloader memory used:
Loader org.gradle.internal.classloader.VisitableURLClassLoader$InstrumentingVisitableURLClassLoader: 53160K
Loader org.gradle.internal.classloader.VisitableURLClassLoader                         : 42621K
Loader bootstrap                                                                       : 29580K
Loader org.gradle.initialization.MixInLegacyTypesClassLoader                           : 11997K
Loader jdk.internal.loader.ClassLoaders$PlatformClassLoader                            : 555K
Loader jdk.internal.reflect.DelegatingClassLoader                                      : 356K
Loader org.gradle.internal.classloader.VisitableURLClassLoader                         : 285K
Loader jdk.internal.loader.ClassLoaders$AppClassLoader                                 : 235K

Classes loaded by more than one classloader:
Class Program                                                                         : loaded 5 times (x 68B)
Class Build_gradle                                                                    : loaded 3 times (x 126B)
Class Build_gradle$1                                                                  : loaded 3 times (x 71B)
Class org.gradle.internal.classloader.FilteringClassLoader                            : loaded 2 times (x 101B)
Class com.google.common.base.CharMatcher$IsEither                                     : loaded 2 times (x 107B)
Class org.gradle.internal.classloader.ClassLoaderHierarchy                            : loaded 2 times (x 66B)
Class com.google.common.collect.ImmutableEnumSet                                      : loaded 2 times (x 142B)
Class com.google.common.util.concurrent.ExecutionError                                : loaded 2 times (x 78B)
Class com.google.common.collect.ImmutableList$1                                       : loaded 2 times (x 93B)
Class org.gradle.api.internal.classpath.ManifestUtil                                  : loaded 2 times (x 67B)
Class com.google.common.io.ByteArrayDataOutput                                        : loaded 2 times (x 66B)
Class com.google.common.collect.RegularImmutableMap                                   : loaded 2 times (x 117B)
Class com.google.common.collect.ImmutableMap$MapViewOfValuesAsSingletonSets           : loaded 2 times (x 122B)
Class [Lorg.objectweb.asm.Symbol;                                                     : loaded 2 times (x 65B)
Class org.objectweb.asm.ClassVisitor                                                  : loaded 2 times (x 84B)
Class com.google.common.collect.UnmodifiableListIterator                              : loaded 2 times (x 91B)
Class com.google.common.base.Platform$JdkPatternCompiler                              : loaded 2 times (x 71B)
Class org.objectweb.asm.MethodTooLargeException                                       : loaded 2 times (x 79B)
Class [Lcom.google.common.cache.CacheBuilder$OneWeigher;                              : loaded 2 times (x 65B)
Class com.google.common.base.Suppliers                                                : loaded 2 times (x 67B)
Class org.gradle.internal.classloader.DefaultClassLoaderFactory                       : loaded 2 times (x 78B)
Class com.google.common.io.ByteSource$ConcatenatedByteSource                          : loaded 2 times (x 81B)
Class org.gradle.internal.classloader.ClassLoaderVisitor                              : loaded 2 times (x 72B)
Class [Lcom.google.common.collect.ImmutableMapEntry;                                  : loaded 2 times (x 65B)
Class org.gradle.api.internal.classpath.EffectiveClassPath                            : loaded 2 times (x 86B)
Class com.google.common.collect.CollectSpliterators$1WithCharacteristics              : loaded 2 times (x 86B)
Class com.google.common.collect.ImmutableRangeSet                                     : loaded 2 times (x 111B)
Class com.google.common.collect.ListMultimap                                          : loaded 2 times (x 66B)
Class com.google.common.collect.ImmutableEnumMap                                      : loaded 2 times (x 122B)
Class com.google.common.collect.Sets$1                                                : loaded 2 times (x 135B)
Class org.objectweb.asm.AnnotationVisitor                                             : loaded 2 times (x 74B)
Class org.gradle.api.internal.DefaultClassPathProvider                                : loaded 2 times (x 72B)
Class com.google.common.collect.Sets$2                                                : loaded 2 times (x 135B)
Class [Lorg.gradle.api.internal.ClassPathProvider;                                    : loaded 2 times (x 65B)
Class org.gradle.api.internal.ClassPathProvider                                       : loaded 2 times (x 66B)
Class [Lorg.objectweb.asm.AnnotationVisitor;                                          : loaded 2 times (x 65B)
Class com.google.common.collect.Sets$3                                                : loaded 2 times (x 135B)
Class com.google.common.util.concurrent.AbstractFuture$SafeAtomicHelper               : loaded 2 times (x 75B)
Class com.google.common.cache.LocalCache$LocalLoadingCache                            : loaded 2 times (x 130B)
Class org.gradle.internal.service.UnknownServiceException                             : loaded 2 times (x 79B)
Class com.google.common.io.ByteArrayDataInput                                         : loaded 2 times (x 66B)
Class com.google.common.collect.Sets$4                                                : loaded 2 times (x 135B)
Class org.objectweb.asm.ModuleVisitor                                                 : loaded 2 times (x 77B)
Class com.google.common.cache.LocalCache$Strength$1                                   : loaded 2 times (x 77B)
Class com.google.common.util.concurrent.SettableFuture                                : loaded 2 times (x 110B)
Class com.google.common.cache.LocalCache$Strength$2                                   : loaded 2 times (x 77B)
Class com.google.common.io.ByteStreams                                                : loaded 2 times (x 67B)
Class com.google.common.cache.LocalCache$Strength$3                                   : loaded 2 times (x 77B)
Class com.google.common.collect.MapDifference                                         : loaded 2 times (x 66B)
Class org.objectweb.asm.FieldWriter                                                   : loaded 2 times (x 74B)
Class com.google.common.cache.CacheBuilder$NullListener                               : loaded 2 times (x 78B)
Class org.gradle.internal.classpath.TransformedClassPath                              : loaded 2 times (x 92B)
Class org.gradle.internal.classloader.InstrumentingClassLoader                        : loaded 2 times (x 66B)
Class com.google.common.collect.ImmutableRangeSet$AsSet                               : loaded 2 times (x 296B)
Class com.google.common.cache.CacheLoader$FunctionToCacheLoader                       : loaded 2 times (x 71B)
Class com.google.common.collect.Iterators$ArrayItr                                    : loaded 2 times (x 93B)
Class com.google.common.collect.ImmutableCollection$Builder                           : loaded 2 times (x 72B)
Class com.google.common.collect.BaseImmutableMultimap                                 : loaded 2 times (x 119B)
Class com.google.common.base.Joiner                                                   : loaded 2 times (x 75B)
Class com.google.common.base.MoreObjects                                              : loaded 2 times (x 67B)
Class com.google.common.collect.Platform                                              : loaded 2 times (x 67B)
Class [Lorg.objectweb.asm.Type;                                                       : loaded 2 times (x 65B)
Class com.google.common.collect.UnmodifiableIterator                                  : loaded 2 times (x 76B)
Class org.gradle.internal.service.ServiceLocator                                      : loaded 2 times (x 66B)
Class com.google.common.collect.SingletonImmutableBiMap                               : loaded 2 times (x 139B)
Class com.google.common.base.Ascii                                                    : loaded 2 times (x 67B)
Class com.google.common.cache.LocalCache$1                                            : loaded 2 times (x 85B)
Class com.google.common.collect.AbstractMapEntry                                      : loaded 2 times (x 77B)
Class com.google.common.io.ByteSource$ByteArrayByteSource                             : loaded 2 times (x 81B)
Class com.google.common.collect.Sets$ImprovedAbstractSet                              : loaded 2 times (x 131B)
Class com.google.common.collect.ImmutableList$Builder                                 : loaded 2 times (x 73B)
Class com.google.common.collect.AbstractMultimap                                      : loaded 2 times (x 119B)
Class com.google.common.cache.LocalCache$2                                            : loaded 2 times (x 138B)
Class com.google.common.collect.ImmutableRangeSet$1                                   : loaded 2 times (x 206B)
Class com.google.common.util.concurrent.AbstractFuture$UnsafeAtomicHelper$1           : loaded 2 times (x 72B)
Class com.google.common.collect.RegularImmutableAsList                                : loaded 2 times (x 213B)
Class com.google.common.base.Optional                                                 : loaded 2 times (x 76B)
Class com.google.common.collect.Range                                                 : loaded 2 times (x 83B)
Class com.google.common.util.concurrent.AbstractFuture$Trusted                        : loaded 2 times (x 66B)
Class com.google.common.collect.Iterators                                             : loaded 2 times (x 67B)
Class com.google.common.collect.Lists$StringAsImmutableList                           : loaded 2 times (x 203B)
Class com.google.common.util.concurrent.UncheckedExecutionException                   : loaded 2 times (x 78B)
Class org.gradle.kotlin.dsl.VersionCatalogAccessorsKt                                 : loaded 2 times (x 67B)
Class org.gradle.internal.InternalTransformer                                         : loaded 2 times (x 66B)
Class com.google.common.collect.AbstractMapBasedMultimap$KeySet$1                     : loaded 2 times (x 78B)
Class org.objectweb.asm.ClassWriter                                                   : loaded 2 times (x 102B)
Class com.google.common.base.CharMatcher$And                                          : loaded 2 times (x 108B)
Class com.google.common.cache.CacheLoader$UnsupportedLoadingOperationException        : loaded 2 times (x 78B)
Class org.gradle.internal.classloader.ClasspathUtil$1                                 : loaded 2 times (x 72B)
Class com.google.common.base.Objects                                                  : loaded 2 times (x 67B)
Class org.objectweb.asm.FieldVisitor                                                  : loaded 2 times (x 73B)
Class com.google.common.collect.IndexedImmutableSet                                   : loaded 2 times (x 148B)
Class com.google.common.collect.ImmutableMap$1                                        : loaded 2 times (x 77B)
Class com.google.common.collect.BiMap                                                 : loaded 2 times (x 66B)
Class org.gradle.api.internal.classpath.DefaultModuleRegistry$DefaultModule           : loaded 2 times (x 82B)
Class com.google.common.base.Absent                                                   : loaded 2 times (x 76B)
Class com.google.common.primitives.Ints                                               : loaded 2 times (x 67B)
Class com.google.common.collect.AbstractIterator                                      : loaded 2 times (x 78B)
Class com.google.common.collect.ObjectArrays                                          : loaded 2 times (x 67B)
Class com.google.common.collect.Multiset                                              : loaded 2 times (x 66B)
Class com.google.common.collect.RegularImmutableMap$KeySet                            : loaded 2 times (x 148B)
Class com.google.common.collect.AbstractIndexedListIterator                           : loaded 2 times (x 92B)
Class com.google.common.math.MathPreconditions                                        : loaded 2 times (x 67B)
Class com.google.common.collect.ImmutableMapEntrySet                                  : loaded 2 times (x 148B)
Class org.gradle.api.internal.classpath.Module                                        : loaded 2 times (x 66B)
Class com.google.common.cache.Weigher                                                 : loaded 2 times (x 66B)
Class org.gradle.api.internal.classpath.UnknownModuleException                        : loaded 2 times (x 78B)
Class com.google.common.base.Stopwatch                                                : loaded 2 times (x 68B)
Class com.google.common.cache.LocalCache$Strength                                     : loaded 2 times (x 77B)
Class com.google.common.cache.Cache                                                   : loaded 2 times (x 66B)
Class com.google.common.base.NullnessCasts                                            : loaded 2 times (x 67B)
Class com.google.common.io.Files$2                                                    : loaded 2 times (x 72B)
Class com.google.common.util.concurrent.AbstractFuture$Cancellation                   : loaded 2 times (x 68B)
Class com.google.common.collect.ImmutableMap$Builder                                  : loaded 2 times (x 78B)
Class com.google.common.base.Present                                                  : loaded 2 times (x 77B)
Class com.google.common.cache.RemovalListener                                         : loaded 2 times (x 66B)
Class org.gradle.api.internal.DefaultClassPathRegistry                                : loaded 2 times (x 72B)
Class com.google.common.primitives.IntsMethodsForWeb                                  : loaded 2 times (x 67B)
Class com.google.common.collect.Multimap                                              : loaded 2 times (x 66B)
Class org.gradle.api.internal.ClassPathRegistry                                       : loaded 2 times (x 66B)
Class org.gradle.internal.classpath.DefaultClassPath$ImmutableUniqueList              : loaded 2 times (x 195B)
Class com.google.common.base.ExtraObjectsMethodsForWeb                                : loaded 2 times (x 67B)
Class com.google.common.base.Equivalence$Identity                                     : loaded 2 times (x 78B)
Class com.google.common.io.ByteSink                                                   : loaded 2 times (x 72B)
Class com.google.common.cache.CacheBuilder                                            : loaded 2 times (x 68B)
Class com.google.common.collect.SingletonImmutableList                                : loaded 2 times (x 203B)
Class Settings_gradle$1                                                               : loaded 2 times (x 70B)
Class org.gradle.internal.classpath.ClassPath                                         : loaded 2 times (x 66B)
Class org.gradle.api.UncheckedIOException                                             : loaded 2 times (x 78B)
Class com.google.common.io.Files$FileByteSource                                       : loaded 2 times (x 81B)
Class com.google.common.base.JdkPattern                                               : loaded 2 times (x 71B)
Class com.google.common.collect.ImmutableList$ReverseImmutableList                    : loaded 2 times (x 205B)
Class org.objectweb.asm.SymbolTable$Entry                                             : loaded 2 times (x 70B)
Class com.google.common.util.concurrent.AbstractFuture$AtomicHelper                   : loaded 2 times (x 74B)
Class org.objectweb.asm.Edge                                                          : loaded 2 times (x 68B)
Class com.google.common.base.Suppliers$SupplierOfInstance                             : loaded 2 times (x 75B)
Class com.google.common.collect.Iterators$1                                           : loaded 2 times (x 77B)
Class com.google.common.cache.LocalCache$ComputingValueReference                      : loaded 2 times (x 92B)
Class com.google.common.collect.SingletonImmutableSet                                 : loaded 2 times (x 142B)
Class com.google.common.collect.ImmutableMap$IteratorBasedImmutableMap                : loaded 2 times (x 122B)
Class com.google.common.cache.LocalCache$Segment                                      : loaded 2 times (x 150B)
Class [Lcom.google.common.base.Supplier;                                              : loaded 2 times (x 65B)
Class com.google.common.collect.SortedIterable                                        : loaded 2 times (x 66B)
Class com.google.common.collect.AbstractListMultimap                                  : loaded 2 times (x 168B)
Class [Lorg.objectweb.asm.SymbolTable$Entry;                                          : loaded 2 times (x 65B)
Class com.google.common.cache.CacheLoader                                             : loaded 2 times (x 70B)
Class com.google.common.collect.Iterators$4                                           : loaded 2 times (x 78B)
Class com.google.common.collect.ImmutableBiMap                                        : loaded 2 times (x 139B)
Class org.gradle.internal.installation.GradleInstallation$1                           : loaded 2 times (x 71B)
Class org.gradle.api.internal.classpath.ModuleRegistry                                : loaded 2 times (x 66B)
Class com.google.common.util.concurrent.internal.InternalFutureFailureAccess          : loaded 2 times (x 68B)
Class com.google.common.collect.Iterators$5                                           : loaded 2 times (x 78B)
Class com.google.common.collect.ImmutableSet$JdkBackedSetBuilderImpl                  : loaded 2 times (x 72B)
Class com.google.common.util.concurrent.AbstractFuture$UnsafeAtomicHelper             : loaded 2 times (x 74B)
Class com.google.common.base.CharMatcher$ForPredicate                                 : loaded 2 times (x 108B)
Class com.google.common.cache.LocalCache$LocalManualCache$1                           : loaded 2 times (x 71B)
Class com.google.common.base.CharMatcher$AnyOf                                        : loaded 2 times (x 108B)
Class com.google.common.collect.ImmutableCollection                                   : loaded 2 times (x 121B)
Class org.gradle.api.internal.classpath.DefaultModuleRegistry                         : loaded 2 times (x 82B)
Class com.google.common.collect.Lists                                                 : loaded 2 times (x 67B)
Class com.google.common.util.concurrent.ListenableFuture                              : loaded 2 times (x 66B)
Class com.google.common.cache.ReferenceEntry                                          : loaded 2 times (x 66B)
Class com.google.common.base.Converter                                                : loaded 2 times (x 86B)
Class com.google.common.collect.ImmutableSet$CachingAsList                            : loaded 2 times (x 144B)
Class com.google.common.collect.AbstractMapBasedMultimap                              : loaded 2 times (x 135B)
Class com.google.common.util.concurrent.AbstractFuture                                : loaded 2 times (x 102B)
Class com.google.common.base.FunctionalEquivalence                                    : loaded 2 times (x 79B)
Class com.google.common.collect.Iterators$9                                           : loaded 2 times (x 77B)
Class com.google.common.collect.ImmutableAsList                                       : loaded 2 times (x 205B)
Class org.objectweb.asm.RecordComponentVisitor                                        : loaded 2 times (x 73B)
Class com.google.common.cache.CacheLoader$SupplierToCacheLoader                       : loaded 2 times (x 71B)
Class com.google.common.collect.Maps$EntryTransformer                                 : loaded 2 times (x 66B)
Class org.gradle.internal.service.ServiceLookupException                              : loaded 2 times (x 78B)
Class com.google.common.collect.ImmutableSortedSet                                    : loaded 2 times (x 296B)
Class [Lcom.google.common.cache.LocalCache$EntryFactory;                              : loaded 2 times (x 65B)
Class org.gradle.internal.classloader.ClassLoaderFactory                              : loaded 2 times (x 66B)
Class com.google.common.collect.ImmutableMap$SerializedForm                           : loaded 2 times (x 69B)
Class com.google.common.base.CommonPattern                                            : loaded 2 times (x 70B)
Class com.google.common.base.CharMatcher$IsNot                                        : loaded 2 times (x 107B)
Class com.google.common.cache.LocalCache$LocalManualCache                             : loaded 2 times (x 95B)
Class org.gradle.internal.service.CachingServiceLocator                               : loaded 2 times (x 78B)
Class com.google.common.collect.AbstractMapBasedMultimap$KeySet                       : loaded 2 times (x 133B)
Class com.google.common.collect.RegularImmutableSortedSet                             : loaded 2 times (x 296B)
Class com.google.common.math.IntMath                                                  : loaded 2 times (x 67B)
Class com.google.common.collect.ImmutableMapEntry                                     : loaded 2 times (x 81B)
Class com.google.common.collect.ImmutableMultimap                                     : loaded 2 times (x 143B)
Class com.google.common.base.Equivalence                                              : loaded 2 times (x 78B)
Class com.google.common.base.Function                                                 : loaded 2 times (x 66B)
Class com.google.common.collect.ImmutableMapEntry$NonTerminalImmutableMapEntry        : loaded 2 times (x 81B)
Class com.google.common.collect.IndexedImmutableSet$1                                 : loaded 2 times (x 209B)
Class com.google.common.cache.CacheBuilder$OneWeigher                                 : loaded 2 times (x 78B)
Class com.google.common.collect.RegularImmutableList                                  : loaded 2 times (x 209B)
Class org.gradle.internal.classloader.ClasspathUtil                                   : loaded 2 times (x 67B)
Class com.google.common.base.Charsets                                                 : loaded 2 times (x 67B)
Class com.google.common.util.concurrent.Uninterruptibles                              : loaded 2 times (x 67B)
Class com.google.common.io.CharSource                                                 : loaded 2 times (x 81B)
Class com.google.common.collect.Maps                                                  : loaded 2 times (x 67B)
Class org.gradle.api.specs.Spec                                                       : loaded 2 times (x 66B)
Class [Lcom.google.common.collect.ImmutableEntry;                                     : loaded 2 times (x 65B)
Class com.google.common.cache.LocalCache$LoadingValueReference                        : loaded 2 times (x 92B)
Class com.google.common.collect.ArrayListMultimapGwtSerializationDependencies         : loaded 2 times (x 168B)
Class com.google.common.collect.CollectSpliterators                                   : loaded 2 times (x 67B)
Class com.google.common.base.Platform                                                 : loaded 2 times (x 67B)
Class [Lorg.objectweb.asm.AnnotationWriter;                                           : loaded 2 times (x 65B)
Class com.google.common.collect.Maps$8                                                : loaded 2 times (x 78B)
Class com.google.common.collect.ImmutableRangeSet$Builder                             : loaded 2 times (x 73B)
Class com.google.common.collect.Sets$SetView                                          : loaded 2 times (x 134B)
Class com.google.common.cache.LocalCache$StrongValueReference                         : loaded 2 times (x 86B)
Class com.google.common.util.concurrent.AbstractFuture$SynchronizedHelper             : loaded 2 times (x 74B)
Class com.google.common.graph.SuccessorsFunction                                      : loaded 2 times (x 66B)
Class org.objectweb.asm.Type                                                          : loaded 2 times (x 68B)
Class org.gradle.internal.classloader.VisitableURLClassLoader$InstrumentingVisitableURLClassLoader: loaded 2 times (x 119B)
Class com.google.common.io.Files$FileByteSink                                         : loaded 2 times (x 73B)
Class org.objectweb.asm.ByteVector                                                    : loaded 2 times (x 75B)
Class [Lcom.google.common.cache.CacheBuilder$NullListener;                            : loaded 2 times (x 65B)
Class com.google.common.math.IntMath$1                                                : loaded 2 times (x 67B)
Class org.gradle.internal.classloader.VisitableURLClassLoader$Spec                    : loaded 2 times (x 70B)
Class org.gradle.internal.classpath.DefaultClassPath                                  : loaded 2 times (x 86B)
Class org.objectweb.asm.Symbol                                                        : loaded 2 times (x 69B)
Class com.google.common.io.Closer                                                     : loaded 2 times (x 74B)
Class com.google.common.base.CharMatcher$Ascii                                        : loaded 2 times (x 108B)
Class com.google.common.base.CharMatcher$BitSetMatcher                                : loaded 2 times (x 108B)
Class com.google.common.collect.ImmutableSet                                          : loaded 2 times (x 141B)
Class com.google.common.collect.RegularImmutableMap$Values                            : loaded 2 times (x 203B)
Class org.gradle.internal.classloader.ClassLoaderSpec                                 : loaded 2 times (x 67B)
Class com.google.common.io.ByteSource$EmptyByteSource                                 : loaded 2 times (x 81B)
Class org.objectweb.asm.AnnotationWriter                                              : loaded 2 times (x 75B)
Class com.google.common.cache.CacheStats                                              : loaded 2 times (x 67B)
Class com.google.common.io.LineProcessor                                              : loaded 2 times (x 66B)
Class com.google.common.io.Closer$Suppressor                                          : loaded 2 times (x 66B)
Class org.objectweb.asm.RecordComponentWriter                                         : loaded 2 times (x 74B)
Class com.google.common.util.concurrent.AbstractFuture$Listener                       : loaded 2 times (x 68B)
Class com.google.common.base.CharMatcher$Or                                           : loaded 2 times (x 108B)
Class Settings_gradle$1$1                                                             : loaded 2 times (x 70B)
Class org.objectweb.asm.Attribute                                                     : loaded 2 times (x 73B)
Class com.google.common.base.Supplier                                                 : loaded 2 times (x 66B)
Class org.gradle.internal.classloader.VisitableURLClassLoader                         : loaded 2 times (x 113B)
Class com.google.common.collect.ImmutableList$SerializedForm                          : loaded 2 times (x 69B)
Class com.google.common.util.concurrent.AbstractFuture$Waiter                         : loaded 2 times (x 68B)
Class Settings_gradle                                                                 : loaded 2 times (x 124B)
Class org.gradle.internal.Cast                                                        : loaded 2 times (x 67B)
Class org.gradle.api.Action                                                           : loaded 2 times (x 66B)
Class com.google.common.base.Strings                                                  : loaded 2 times (x 67B)
Class com.google.common.collect.Sets                                                  : loaded 2 times (x 67B)
Class org.objectweb.asm.Handler                                                       : loaded 2 times (x 68B)
Class com.google.common.base.CharMatcher$FastMatcher                                  : loaded 2 times (x 107B)
Class com.google.common.base.Ticker                                                   : loaded 2 times (x 68B)
Class [Lcom.google.common.cache.LocalCache$Segment;                                   : loaded 2 times (x 65B)
Class com.google.common.base.Predicate                                                : loaded 2 times (x 66B)
Class [Lcom.google.common.cache.LocalCache$Strength;                                  : loaded 2 times (x 65B)
Class com.google.common.cache.CacheBuilder$1                                          : loaded 2 times (x 81B)
Class com.google.common.collect.ImmutableMap                                          : loaded 2 times (x 116B)
Class org.gradle.internal.classpath.DefaultClassPath$ImmutableUniqueList$Builder      : loaded 2 times (x 71B)
Class com.google.common.collect.AbstractRangeSet                                      : loaded 2 times (x 110B)
Class com.google.common.base.CharMatcher$NegatedFastMatcher                           : loaded 2 times (x 109B)
Class com.google.common.cache.LocalCache                                              : loaded 2 times (x 183B)
Class com.google.common.cache.CacheBuilder$2                                          : loaded 2 times (x 75B)
Class com.google.common.collect.ArrayListMultimap                                     : loaded 2 times (x 168B)
Class com.google.common.cache.CacheBuilder$3                                          : loaded 2 times (x 68B)
Class [Lcom.google.common.collect.AbstractMapEntry;                                   : loaded 2 times (x 65B)
Class com.google.common.collect.ImmutableEntry                                        : loaded 2 times (x 78B)
Class org.gradle.api.GradleException                                                  : loaded 2 times (x 78B)
Class com.google.common.base.Suppliers$MemoizingSupplier                              : loaded 2 times (x 75B)
Class com.google.common.collect.CollectPreconditions                                  : loaded 2 times (x 67B)
Class com.google.common.collect.SortedMapDifference                                   : loaded 2 times (x 66B)
Class com.google.common.io.Files                                                      : loaded 2 times (x 67B)
Class com.google.common.cache.LocalCache$EntryFactory                                 : loaded 2 times (x 79B)
Class com.google.common.cache.LocalCache$AbstractReferenceEntry                       : loaded 2 times (x 103B)
Class org.gradle.internal.IoActions                                                   : loaded 2 times (x 67B)
Class com.google.common.collect.ImmutableRangeSet$ComplementRanges                    : loaded 2 times (x 203B)
Class org.objectweb.asm.SymbolTable                                                   : loaded 2 times (x 68B)
Class com.google.common.cache.CacheLoader$InvalidCacheLoadException                   : loaded 2 times (x 78B)
Class com.google.common.collect.ImmutableSet$RegularSetBuilderImpl                    : loaded 2 times (x 73B)
Class org.gradle.internal.classloader.SystemClassLoaderSpec                           : loaded 2 times (x 67B)
Class com.google.common.cache.LocalCache$StrongEntry                                  : loaded 2 times (x 104B)
Class com.google.common.util.concurrent.AbstractFuture$TrustedFuture                  : loaded 2 times (x 110B)
Class com.google.common.cache.LoadingCache                                            : loaded 2 times (x 66B)
Class com.google.common.io.ByteStreams$LimitedInputStream                             : loaded 2 times (x 88B)
Class com.google.common.base.Suppliers$NonSerializableMemoizingSupplier               : loaded 2 times (x 75B)
Class org.objectweb.asm.MethodWriter                                                  : loaded 2 times (x 102B)
Class [Lcom.google.common.cache.Weigher;                                              : loaded 2 times (x 65B)
Class com.google.common.collect.RegularImmutableMap$BucketOverflowException           : loaded 2 times (x 78B)
Class com.google.common.collect.RegularImmutableBiMap                                 : loaded 2 times (x 145B)
Class com.google.common.base.CharMatcher$Negated                                      : loaded 2 times (x 109B)
Class com.google.common.base.CharMatcher$Is                                           : loaded 2 times (x 107B)
Class com.google.common.cache.LocalCache$ValueReference                               : loaded 2 times (x 66B)
Class com.google.common.hash.PrimitiveSink                                            : loaded 2 times (x 66B)
Class com.google.common.base.PatternCompiler                                          : loaded 2 times (x 66B)
Class com.google.common.util.concurrent.AbstractFuture$Failure                        : loaded 2 times (x 68B)
Class com.google.common.base.Equivalence$Equals                                       : loaded 2 times (x 78B)
Class com.google.common.collect.Hashing                                               : loaded 2 times (x 67B)
Class com.google.common.base.Preconditions                                            : loaded 2 times (x 67B)
Class com.google.common.collect.ImmutableSetMultimap                                  : loaded 2 times (x 176B)
Class com.google.common.base.Joiner$1                                                 : loaded 2 times (x 76B)
Class org.objectweb.asm.Label                                                         : loaded 2 times (x 69B)
Class org.objectweb.asm.CurrentFrame                                                  : loaded 2 times (x 69B)
Class org.objectweb.asm.ClassTooLargeException                                        : loaded 2 times (x 79B)
Class com.google.common.base.CharMatcher                                              : loaded 2 times (x 107B)
Class com.google.common.collect.PeekingIterator                                       : loaded 2 times (x 66B)
Class com.google.common.io.ByteSource$AsCharSource                                    : loaded 2 times (x 82B)
Class com.google.common.collect.Maps$IteratorBasedAbstractMap                         : loaded 2 times (x 121B)
Class com.google.common.collect.RangeGwtSerializationDependencies                     : loaded 2 times (x 67B)
Class com.google.common.base.Joiner$2                                                 : loaded 2 times (x 75B)
Class org.objectweb.asm.Frame                                                         : loaded 2 times (x 69B)
Class org.objectweb.asm.MethodVisitor                                                 : loaded 2 times (x 101B)
Class com.google.common.base.CharMatcher$1                                            : loaded 2 times (x 109B)
Class com.google.common.base.CharMatcher$NamedFastMatcher                             : loaded 2 times (x 108B)
Class com.google.common.cache.LocalCache$EntryFactory$1                               : loaded 2 times (x 79B)
Class [Lcom.google.common.cache.RemovalListener;                                      : loaded 2 times (x 65B)
Class com.google.common.collect.RangeSet                                              : loaded 2 times (x 66B)
Class com.google.common.cache.LocalCache$EntryFactory$2                               : loaded 2 times (x 79B)
Class org.gradle.api.internal.classpath.GlobalCacheRootsProvider                      : loaded 2 times (x 66B)
Class com.google.common.collect.CollectCollectors                                     : loaded 2 times (x 67B)
Class org.objectweb.asm.ModuleWriter                                                  : loaded 2 times (x 78B)
Class com.google.common.cache.LocalCache$EntryFactory$3                               : loaded 2 times (x 79B)
Class com.google.common.base.Ticker$1                                                 : loaded 2 times (x 68B)
Class com.google.common.collect.Maps$BiMapConverter                                   : loaded 2 times (x 86B)
Class com.google.common.collect.ImmutableMapEntrySet$RegularEntrySet                  : loaded 2 times (x 148B)
Class com.google.common.collect.SetMultimap                                           : loaded 2 times (x 66B)
Class com.google.common.base.CharMatcher$InRange                                      : loaded 2 times (x 107B)
Class com.google.common.cache.LocalCache$EntryFactory$4                               : loaded 2 times (x 79B)
Class com.google.common.collect.ImmutableSet$Builder                                  : loaded 2 times (x 81B)
Class com.google.common.io.ByteStreams$1                                              : loaded 2 times (x 81B)
Class com.google.common.cache.LocalCache$EntryFactory$5                               : loaded 2 times (x 79B)
Class com.google.common.base.PairwiseEquivalence                                      : loaded 2 times (x 79B)
Class com.google.common.cache.LocalCache$EntryFactory$6                               : loaded 2 times (x 79B)
Class org.gradle.internal.installation.CurrentGradleInstallationLocator               : loaded 2 times (x 67B)
Class com.google.common.io.ByteSource$SlicedByteSource                                : loaded 2 times (x 81B)
Class com.google.common.collect.Maps$KeySet                                           : loaded 2 times (x 133B)
Class com.google.common.cache.LocalCache$EntryFactory$7                               : loaded 2 times (x 79B)
Class com.google.common.collect.ImmutableSet$EmptySetBuilderImpl                      : loaded 2 times (x 72B)
Class com.google.common.collect.ImmutableList                                         : loaded 2 times (x 202B)
Class org.gradle.internal.service.DefaultServiceLocator                               : loaded 2 times (x 79B)
Class com.google.common.cache.LocalCache$EntryFactory$8                               : loaded 2 times (x 79B)
Class com.google.common.collect.ImmutableSet$SetBuilderImpl                           : loaded 2 times (x 72B)
Class org.gradle.internal.installation.CurrentGradleInstallation                      : loaded 2 times (x 69B)
Class com.google.common.cache.CacheLoader$1                                           : loaded 2 times (x 71B)
Class com.google.common.collect.ImmutableList$SubList                                 : loaded 2 times (x 205B)
Class org.gradle.util.internal.GUtil                                                  : loaded 2 times (x 67B)
Class com.google.common.io.ByteSource                                                 : loaded 2 times (x 80B)
Class com.google.common.util.concurrent.AbstractFuture$SetFuture                      : loaded 2 times (x 71B)
Class com.google.common.cache.AbstractCache$StatsCounter                              : loaded 2 times (x 66B)
Class com.google.common.collect.Iterators$MergingIterator                             : loaded 2 times (x 77B)
Class com.google.common.collect.RegularImmutableSet                                   : loaded 2 times (x 145B)
Class org.gradle.internal.installation.GradleInstallation                             : loaded 2 times (x 71B)
Class com.google.common.collect.Iterables                                             : loaded 2 times (x 67B)

---------------  S Y S T E M  ---------------

OS:
 Windows 11 , 64 bit Build 26100 (10.0.26100.9444)
OS uptime: 0 days 5:53 hours
Hyper-V role detected

CPU: total 16 (initial active 16) (16 cores per cpu, 2 threads per core) family 25 model 68 stepping 1 microcode 0xa404107, cx8, cmov, fxsr, ht, mmx, 3dnowpref, sse, sse2, sse3, ssse3, sse4a, sse4.1, sse4.2, popcnt, lzcnt, tsc, tscinvbit, avx, avx2, aes, erms, clmul, bmi1, bmi2, adx, sha, fma, vzeroupper, clflush, clflushopt, hv, rdtscp, rdpid, fsrm, f16c, cet_ss
Processor Information for processor 0
  Max Mhz: 3201, Current Mhz: 1978, Mhz Limit: 3201
Processor Information for processor 1
  Max Mhz: 3201, Current Mhz: 2502, Mhz Limit: 3201
Processor Information for processor 2
  Max Mhz: 3201, Current Mhz: 1978, Mhz Limit: 3201
Processor Information for processor 3
  Max Mhz: 3201, Current Mhz: 1978, Mhz Limit: 3201
Processor Information for processor 4
  Max Mhz: 3201, Current Mhz: 1978, Mhz Limit: 3201
Processor Information for processor 5
  Max Mhz: 3201, Current Mhz: 1978, Mhz Limit: 3201
Processor Information for processor 6
  Max Mhz: 3201, Current Mhz: 1978, Mhz Limit: 3201
Processor Information for processor 7
  Max Mhz: 3201, Current Mhz: 2502, Mhz Limit: 3201
Processor Information for processor 8
  Max Mhz: 3201, Current Mhz: 1978, Mhz Limit: 3201
Processor Information for processor 9
  Max Mhz: 3201, Current Mhz: 1978, Mhz Limit: 3201
Processor Information for processor 10
  Max Mhz: 3201, Current Mhz: 1978, Mhz Limit: 3201
Processor Information for processor 11
  Max Mhz: 3201, Current Mhz: 1978, Mhz Limit: 3201
Processor Information for processor 12
  Max Mhz: 3201, Current Mhz: 1978, Mhz Limit: 3201
Processor Information for processor 13
  Max Mhz: 3201, Current Mhz: 1978, Mhz Limit: 3201
Processor Information for processor 14
  Max Mhz: 3201, Current Mhz: 2502, Mhz Limit: 3201
Processor Information for processor 15
  Max Mhz: 3201, Current Mhz: 2502, Mhz Limit: 3201

Memory: 4k page, system-wide physical 28356M (15741M free)
TotalPageFile size 89120M (AvailPageFile size 10M)
current process WorkingSet (physical memory assigned to process): 733M, peak: 740M
current process commit charge ("private bytes"): 788M, peak: 793M

vm_info: OpenJDK 64-Bit Server VM (21.0.6+-13368085-b895.109) for windows-amd64 JRE (21.0.6+-13368085-b895.109), built on 2025-04-16T17:01:31Z by "builder" with MS VC++ 16.10 / 16.11 (VS2019)

END.
